序号,课题名称,姓名,工作单位,项目类别,所在学科
1,中国共产党组织体系建设的百年历程与基本经验研究,陈艳飞,北京工业大学,青年项目,马列・科社
2,大数据时代完善坚持正确导向的舆论引导工作机制研究,常宴会,南开大学,青年项目,马列・科社
3,当代国外马克思主义视域下的数据主义批判研究,王文敬,大连理工大学,青年项目,马列・科社
4,人工智能与高校思想政治教育融合创新系统的协同构建研究,赵浚,东北大学,青年项目,马列・科社
5,中国共产党坚定政治信仰的历史考察,姜永建,辽宁师范大学,青年项目,马列・科社
6,制度现代化视域下弘扬爱国主义精神研究,孟茹玉,东北师范大学,青年项目,马列・科社
7,新时代思政课教师队伍建设研究,尚伟伟,华东师范大学,青年项目,马列・科社
8,马克思主义政治话语体系在中国的形成与发展研究,王昆,上海交通大学,青年项目,马列・科社
9,高校思政课教学释疑解惑方法论研究,李渊博,西南交通大学,青年项目,马列・科社
10,MEGA2视域中的《资本论》法文版“独立科学价值”研究,宋珊珊,北京理工大学,青年项目,马列・科社
11,历史唯物主义视域中未来共同体的生成问题及其现实进路研究,王丽丽,对外经济贸易大学,青年项目,马列・科社
12,马克思对资本主义起源的解释范式转换及其当代价值研究,兰洋,中国人民大学,青年项目,马列・科社
13,中国共产党“社会矛盾”话语的历史演进及其启示研究,张廷广,北京理工大学,青年项目,马列・科社
14,人类命运共同体视域中马克思共同体思想的文本考辨与当代价值研究,李艳平,北京林业大学,青年项目,马列・科社
15,中国特色社会主义社会治理的共同体优势研究,李戈,清华大学,青年项目,马列・科社
16,新时代中国对外话语体系建构研究,陈明琨,中国人民大学,青年项目,马列・科社
17,中华优秀传统文化时代化研究,安丽梅,中国人民大学,青年项目,马列・科社
18,马克思主义早期传播对中国哲学社会科学的影响和作用研究,裴植,北京大学,青年项目,马列・科社
19,辩证唯物主义视域下习近平生态文明思想整体性研究,周杨,中国矿业大学（北京）,青年项目,马列・科社
20,新时代党的政治规范基本问题研究,刘进伟,中国人民大学,青年项目,马列・科社
21,新时代马克思主义无神论宣传教育的理论创新与实践经验研究,张戈,中国社会科学院马克思主义研究院,青年项目,马列・科社
22,马克思主义民主观视域下的全过程民主运行机制研究,李笑宇,中共中央党校（国家行政学院）,青年项目,马列・科社
23,列宁《唯物主义和经验批判主义》的历史意义再研究,柴林丽,南京农业大学,青年项目,马列・科社
24,中国共产党关于资本问题认识的历史考察,周丽,南京信息工程大学,青年项目,马列・科社
25,美好生活视域下绿色生活方式变革研究,滕飞,南京工业大学,青年项目,马列・科社
26,新时代网络空间意识形态安全风险研究,路媛,南京师范大学,青年项目,马列・科社
27,以红色文化涵养党内政治文化路径研究,徐龙建,中共江苏省委党校,青年项目,马列・科社
28,习近平新时代中国特色社会主义思想对马克思主义国家学说的原创性贡献研究,左丹丹,中共江苏省委党校,青年项目,马列・科社
29,新时代传承中华优秀传统家文化研究,牛绍娜,南京师范大学,青年项目,马列・科社
30,《资本论》及其手稿中的社会哲学思想研究,付文军,浙江大学,青年项目,马列・科社
31,人类命运共同体的文明认同问题研究,赵坤,浙江大学,青年项目,马列・科社
32,马克思道德观对新时代公民道德建设的启示研究,顾青青,杭州师范大学,青年项目,马列・科社
33,大中小学国家安全教育实践评估研究,金一翔,浙江大学,青年项目,马列・科社
34,习近平生态文明思想的“人民性”特质及其践行机制研究,罗贤宇,福建农林大学,青年项目,马列・科社
35,新发展阶段实现共同富裕路径研究,吴志强,中共江西省委党校,青年项目,马列・科社
36,新发展阶段“四个全面”战略布局协调推进内在逻辑研究,王钰鑫,江西师范大学,青年项目,马列・科社
37,基于社会认知理论的大学生国家网络安全意识教育及对策研究,罗青,南昌大学,青年项目,马列・科社
38,人民美好生活视域下乡村振兴战略高质量发展机制研究,朱天义,江西师范大学,青年项目,马列・科社
39,马克思恩格斯关于中国问题的基本观点研究,司书岩,山东理工大学,青年项目,马列・科社
40,澳新地区左翼运动发展态势研究,赵婷,山东大学,青年项目,马列・科社
41,新时代国家仪式的主流价值表达研究,司忠华,河南师范大学,青年项目,马列・科社
42,新时代党建引领农村集体经济发展研究,管珊,湖北经济学院,青年项目,马列・科社
43,我国应对西方对华知识产权贸易摩擦研究,乔咏波,武汉大学,青年项目,马列・科社
44,习近平总书记关于应对外部环境风险的重要论述研究,粟  锋,湖南理工学院,青年项目,马列・科社
45,中国共产党治理形式主义官僚主义的基本经验研究,洪志雄,中共广东省委党校,青年项目,马列・科社
46,特区记忆与中国特色社会主义价值认同研究,曾楠,南方医科大学,青年项目,马列・科社
47,马克思主义文化思想谱系结构及其嬗变研究,孟睿,广西师范大学,青年项目,马列・科社
48,高校思政课问题式教学研究,刘萍萍,广西财经学院,青年项目,马列・科社
49,以数字赋能推进稳定脱贫长效机制构建研究,周宇晗,电子科技大学,青年项目,马列・科社
50,人类命运共同体视域下跨文明交往研究,任思奇,中共四川省委党校,青年项目,马列・科社
51,制度自信融入边疆民族地区高校思想政治理论课机制研究,龙丽波,云南师范大学,青年项目,马列・科社
52,新时代社会治理理论与实践创新研究,张振,西安交通大学,青年项目,马列・科社
53,《资本论》视域下数字资本主义批判研究,余伟如,宁夏大学,青年项目,马列・科社
54,新疆各民族中华民族共同体认同研究,乔秀丽,新疆农业大学,青年项目,马列・科社
55,习近平总书记大历史观的丰富内涵与现实意蕴研究,金梦,北京师范大学,青年项目,马列・科社
56,绿色资本主义新动向及其批判研究,张乐,江南大学,青年项目,马列・科社
57,中国共产党对马克思主义正义观的探索历程与独创性贡献研究,杜利娜,浙江大学,青年项目,马列・科社
58,革命文物展览的爱国主义教育效果评价与提升研究,胡凯云,杭州师范大学,青年项目,马列・科社
59,智能算法推荐的意识形态风险治理研究,张林,电子科技大学,青年项目,马列・科社
60,“强边”背景下西藏青少年学生爱国守边意识培育研究,许亚锋,西藏民族大学,青年项目,马列・科社
61,习近平中共党史观与新时代中共党史学创新发展研究,吴起民,北京师范大学,青年项目,党史・党建
62,新时代中国共产党党内政治文化制度化建设研究,王卫兵,郑州大学,青年项目,党史・党建
63,新发展阶段基层党组织政治功能的实现机制与增强路径研究,张晋龙,西北大学,青年项目,党史・党建
64,新时代政德建设汲取中华优秀传统文化研究,郑济洲,中共福建省委党校,青年项目,党史・党建
65,基层社会组织党建高质量发展的联建共建机制研究,薛美琴,南京理工大学,青年项目,党史・党建
66,党群关系视域下的《人民日报》读者来信研究（1977-2020）,武星,中共江苏省委党校,青年项目,党史・党建
67,新时代以党的自我革命推进社会革命的逻辑机理与实践路径研究,张灿,大连理工大学,青年项目,党史・党建
68,中国共产党“赶考”命题的历史意蕴与新时代内涵研究,刘晓川,中共山东省委党校,青年项目,党史・党建
69,党内法规在中国共产党百年发展历程中的地位和作用研究,莫广明,武汉大学,青年项目,党史・党建
70,中国共产党党费制度建设的百年历程及经验研究,许春涛,武汉理工大学,青年项目,党史・党建
71,党政联合发文制度研究,张海涛,中共中央党校（国家行政学院）,青年项目,党史・党建
72,新时代中国共产党开展伟大斗争研究,张杰,中共江苏省委党校,青年项目,党史・党建
73,新时代中国共产党改革话语体系研究,高松,云南大学,青年项目,党史・党建
74,网络时代中国共产党的社会号召力建设研究,仰义方,重庆邮电大学,青年项目,党史・党建
75,中国共产党早期报刊与马克思主义中国化话语的初步建构研究,徐立波,上海师范大学,青年项目,党史・党建
76,海外毛泽东传记文本中的历史虚无主义批判研究,王芳,南京理工大学,青年项目,党史・党建
77,新时代国有企业党建工作与生产经营深度融合的困境及实现机制研究,蒋福东,中共河北省委党校（河北行政学院）,青年项目,党史・党建
78,党建引领城市社区公共安全治理的前瞻策略研究,孙雪,中共重庆市委党校,青年项目,党史・党建
79,中共旅欧党团组织法文史料的收集、整理、翻译与研究（1919-1927）,王颖琴,上海理工大学,青年项目,党史・党建
80,东北抗联将士日记和书信的收集、整理与研究,张宽,兰州大学,青年项目,党史・党建
81,新中国成立后党领导新疆人口工作与边疆长治久安研究（1949-1965）,易海涛,中国社会科学院当代中国研究所,青年项目,党史・党建
82,新中国成立初期华南城市政权建设研究（1949-1952）,连文妹,厦门大学,青年项目,党史・党建
83,新中国成立前后“城市建党”文献资料收集和整理研究,许昊,郑州大学,青年项目,党史・党建
84,新中国成立以来中国共产党国家治理的传统文化向度研究,王梅琳,曲阜师范大学,青年项目,党史・党建
85,新中国成立以来党领导农村改水事业的历史进程和基本经验研究,张亮,西南大学,青年项目,党史・党建
86,新中国成立初期中国共产党领导生产救灾的理论与实践研究（1949-1957）,曹佐燕,中国农业大学,青年项目,党史・党建
87,百年来中国共产党马克思主义意识形态话语权建设研究,张玄益,中共重庆市委党校,青年项目,党史・党建
88,中国共产党在山东抗日根据地的社会调查工作研究,黄润青,山东师范大学,青年项目,党史・党建
89,新中国成立初期大众文艺中的英雄人物塑造及精神示范研究,王志强,南京师范大学,青年项目,党史・党建
90,基于口述史的铁道兵精神及其当代价值研究,刁成林,西南交通大学,青年项目,党史・党建
91,中国共产党百年青年思想政治工作史研究,杨巧,中国共产主义青年团中央团校,青年项目,党史・党建
92,运用红色资源铸牢中华民族共同体意识研究,万钰莹,云南师范大学,青年项目,党史・党建
93,抗战时期红色报刊传播中华民族共同体意识研究,凌富亚,贵州医科大学,青年项目,党史・党建
94,中国共产党构建科技举国体制的历程与经验研究,徐凡,河北师范大学,青年项目,党史・党建
95,中国共产党与中东华人华侨百年关系史研究,雷安琪,宁夏大学,青年项目,党史・党建
96,中国共产党交通强国思想发展历程研究,曹文翰,西南交通大学,青年项目,党史・党建
97,马克思主义经典著作少数民族文版出版传播研究,杨林,南方医科大学,青年项目,党史・党建
98,新民主主义革命时期中国共产党对美国华侨华人统战工作研究,石瑶,中共中央党校（国家行政学院）,青年项目,党史・党建
99,“新辩证法学派”扩展研究,夏钊,南开大学,青年项目,哲学
100,马克思“机器与技术笔记”与历史唯物主义创新研究,张福公,南京师范大学,青年项目,哲学
101,《资本论》及其手稿中的自由观研究,王益,中南财经政法大学,青年项目,哲学
102,西方马克思主义进程中的德国观念论：从卢卡奇到齐泽克,陆凯华,华东师范大学,青年项目,哲学
103,国外学界政治经济学批判理论的最新发展研究,刘林娟,南京航空航天大学,青年项目,哲学
104,以《柏林笔记》为核心文本的马克思早期哲学思想研究,杨欺,武汉大学,青年项目,哲学
105,财产权批判谱系中马克思与黑格尔的关系问题研究,吴鹏,西安交通大学,青年项目,哲学
106,斯蒂格勒数字资本主义批判思想研究,陈明宽,西北大学,青年项目,哲学
107,马克思与克尔凯郭尔的辩证法比较研究,温权,伊犁师范大学,青年项目,哲学
108,阿尔都塞的政治哲学思想及其当代价值研究,董键铭,中国社会科学院哲学研究所,青年项目,哲学
109,青年马克思政治哲学中的“黑格尔因素”研究,梁燕晓,中共中央党校（国家行政学院）,青年项目,哲学
110,生产力社会形式与共同富裕前提的哲学研究,訾阳,中共上海市委党校,青年项目,哲学
111,数字化时代的劳动正义问题研究,赵林林,福州大学,青年项目,哲学
112,风险分配的正义问题研究,孟小非,广西师范大学,青年项目,哲学
113,资本逻辑视域下的数字技术创新问题研究,葛玉海,成都理工大学,青年项目,哲学
114,信度的实践敏感性研究,高洁,浙江大学,青年项目,哲学
115,算法治理的技术哲学研究,兰立山,中共中央党校（国家行政学院）,青年项目,哲学
116,知觉-认知连续性问题研究,黄原,吉林大学,青年项目,哲学
117,“身联网”技术的哲学问题研究,刘铮,上海交通大学,青年项目,哲学
118,认知科学哲学视域下的人工共情问题研究,崔中良,南京信息工程大学,青年项目,哲学
119,人工智能时代的人-技伦理共同体研究,贾璐萌,天津大学,青年项目,哲学
120,负责任创新与当代工匠精神重塑研究,张慧,清华大学,青年项目,哲学
121,人类纪视域下的生物赛博格问题探究,李,首都医科大学,青年项目,哲学
122,当代生物学中的基因及其因果性研究,陆俏颖,北京大学,青年项目,哲学
123,后真相视域下的伪科学研究,唐倬,贵州医科大学,青年项目,哲学
124,早期儒学视域中的孟子心性论研究,何益鑫,复旦大学,青年项目,哲学
125,先秦道家时间观研究,魏孟飞,河南中医药大学,青年项目,哲学
126,春秋史官哲学的多元通和传统研究,吴宝麟,中央民族大学,青年项目,哲学
127,东汉制礼困局下的今古文经学思想互动研究,高瑞杰,上海师范大学,青年项目,哲学
128,汉代公羊学文质论研究,王磊,浙江工商大学,青年项目,哲学
129,先秦两汉儒学视域中的“制器”观念研究,吕明@,中国政法大学,青年项目,哲学
130,“消息说”视角下东汉三大家易学研究,苏建强,济南大学,青年项目,哲学
131,象山学阐释演变史,邓国坤,贵州大学,青年项目,哲学
132,中晚明西学东渐背景下的格物理论研究,王磊,大连理工大学,青年项目,哲学
133,冯友兰对陆王心学的现代诠释研究,代玉民,南京大学,青年项目,哲学
134,梁漱溟思想的儒佛交融形态研究,王若曦,扬州大学,青年项目,哲学
135,泰州学派乡村儒学研究,唐东辉,广西民族大学,青年项目,哲学
136,20世纪以来新出《庄子》文献研究,寇志强,盐城师范学院,青年项目,哲学
137,理学比较视域下的《五经正义》儒学话语体系建构研究,陈华波,浙江工业大学,青年项目,哲学
138,乾嘉学派经史关系的诠释学研究,黄晚,福建师范大学,青年项目,哲学
139,原始儒家关于家国建构的政治哲学思想研究,邓梦军,中共厦门市委党校,青年项目,哲学
140,刘沅、刘咸缘难术进路与近代蜀学转型发展研究,戴森宇,四川大学,青年项目,哲学
141,社会转型中的先秦法家治理思想研究,王晨光,西安电子科技大学,青年项目,哲学
142,冰上丝绸之路视域下儒佛道哲学典籍的芬兰文译本研究,高源,上海交通大学,青年项目,哲学
143,扬・帕托契卡著作的编译与研究,张俊国,南开大学,青年项目,哲学
144,列维纳斯家哲学研究,刘晓,北京体育大学,青年项目,哲学
145,“泛神论之争”的核心文本翻译与研究,童群霖,北京外国语大学,青年项目,哲学
146,胡塞尔现象学哲学体系视角下的“世界构造”问题研究,韩骁,中国社会科学院哲学研究所,青年项目,哲学
147,身心关系与因果性的哲学研究,董心,中央民族大学,青年项目,哲学
148,剑桥实用主义研究,周靖,上海社会科学院,青年项目,哲学
149,维特根斯坦生活观研究,王佳鑫,重庆工商大学,青年项目,哲学
150,阳明后学心性论分化与统合的逻辑发展研究,王晓娣,南京信息工程大学,青年项目,哲学
151,非人灵长类神经系统基因编辑的生命伦理学研究,王赵琛,浙江大学,青年项目,哲学
152,核威慑的伦理约束研究,刘利乐,中国社会科学院哲学研究所,青年项目,哲学
153,中西道德话语语义建构对比研究,梅轩,华南理工大学,青年项目,哲学
154,阿奎那行动哲学历史价值与现实意义研究,归伶昌,湖北大学,青年项目,哲学
155,机器人自主决策的伦理研究,刘鸿宇,南京农业大学,青年项目,哲学
156,列斐伏尔都市社会视域下城市美好生活需要的空间性研究,张楠,洛阳理工学院,青年项目,哲学
157,美好生活视域下劳动幸福观的价值哲学研究,徐N,中共重庆市委党校,青年项目,哲学
158,甲金简帛中的美学思想研究,谭玉龙,重庆邮电大学,青年项目,哲学
159,我国“三线”建设中技术转移研究,蔡珏,国防科技大学,青年项目,哲学
160,太仓朱子学研究,申祖胜,厦门大学,青年项目,哲学
161,军礼之本--中国古代军政思想的文化基因溯源与哲学体系构建,栗志恒,国防科技大学信息通信学院,青年项目,哲学
162,康德《杜伊斯堡遗稿》译注及思想价值研究,刘萌,延安大学,青年项目,哲学
163,实验语言哲学视域下的专名指称机制建构,李金彩,华东师范大学,青年项目,哲学
164,梅兰芳“剧舞”的美学研究,祝凡淇,广州大学,青年项目,哲学
165,数字资本主义生产方式新变化的政治经济学研究,王金秋,北京工商大学,青年项目,理论经济
166,国外政治经济学的数字资本主义批判研究,王琳,上海财经大学,青年项目,理论经济
167,以剩余价值为中心的马克思主义宏观经济账户体系研究,马梦挺,复旦大学,青年项目,理论经济
168,马克思主义宏观经济循环理论与经验分析框架研究,冯志轩,南开大学,青年项目,理论经济
169,嵌入性视角下民国铁路发展与国家能力建构研究（1912―1937）,张铎,中共上海市委党校,青年项目,理论经济
170,货币政策对异质性家庭收入差距的影响及对策研究,薛龙,郑州轻工业大学,青年项目,理论经济
171,基于动态CGE模型的构建“双循环”新格局经济效应研究,郭晴,广东外语外贸大学,青年项目,理论经济
172,增长与分享有机协同推动共同富裕的逻辑及路径研究,张磊,湘潭大学,青年项目,理论经济
173,经济高质量发展背景下技术要素市场化配置改革研究,刘大勇,天津大学,青年项目,理论经济
174,数字经济时代兼顾个人信息保护和数据要素市场培育的治理机制设计,续继,中国社会科学院经济研究所,青年项目,理论经济
175,要素禀赋结构、政府短期干预与长期经济发展研究：以我国早期工业建设为例,王歆,北京大学,青年项目,理论经济
176,交易成本视角下农地流转主体与合约治理优化匹配研究,王岩,郑州航空工业管理学院,青年项目,理论经济
177,新型基础设施的投入效率测度及优化路径研究,郭鹏飞,重庆工商大学,青年项目,理论经济
178,粤港澳大湾区协同创新与城市功能的耦合机制及效应研究,汪文姣,广州大学,青年项目,理论经济
179,长江经济带城市群与双循环价值链融合发展的效能识别及实现路径研究,田园,重庆工商大学,青年项目,理论经济
180,基于“转出地―承接地”互动的区域包容性发展形成机理与实现路径研究,葛涛,南通大学,青年项目,理论经济
181,社会保障安全网在巩固脱贫攻坚成果中的作用机制研究,彭千芮,湖南财政经济学院,青年项目,理论经济
182,数字农业赋能农业可持续发展的理论逻辑与实证研究,齐文浩,吉林农业大学,青年项目,理论经济
183,制造业嵌入双重价值链的动力机制、效应与路径研究,龙飞扬,南京审计大学,青年项目,理论经济
184,明清时期灾害治理机制的经济学研究,禹思恬,首都经济贸易大学,青年项目,理论经济
185,新发展理念下我国地区间和群体间的环境不平等研究,张媛,湖北大学,青年项目,理论经济
186,“碳中和”目标下我国典型生态功能区碳汇账户构建及应用研究,熊欢欢,南昌大学,青年项目,理论经济
187,混合所有制改革背景下员工股权激励提升国企治理效率研究,马超,广东财经大学,青年项目,理论经济
188,数字非竞争性视角下反垄断政策推进平台企业创新发展的机制与优化路径研究,蒋墨冰,浙江理工大学,青年项目,理论经济
189,服务业扩大开放对制造业就业结构的影响机制研究,李飚,郑州大学,青年项目,理论经济
190,政治经济学视角下人工智能对劳动者就业的影响研究,唐永,四川大学,青年项目,理论经济
191,发展数字经济与缩小收入差距的矛盾和化解路径研究,姜伟,中央民族大学,青年项目,理论经济
192,数字贸易驱动中国企业出口竞争力提升的机制与路径研究,周凤秀,江西师范大学,青年项目,理论经济
193,双循环视域下国内价值链促进全球价值链重构的理论机制与实现路径研究,刘天琦,厦门国家会计学院,青年项目,理论经济
194,区域价值链视角下推动“一带一路”建设的产业选择与合作路径研究,马晓东,新疆大学,青年项目,理论经济
195,水资源集约配置约束下黄河流域产业布局优化研究,张玉泽,济南大学,青年项目,理论经济
196,劳动力返乡创业与乡村振兴的协同效应及政策设计,黄敦平,安徽财经大学,青年项目,理论经济
197,制度型开放背景下RCEP新规则的福利效应研究,慕绣如,山东师范大学,青年项目,理论经济
198,数字化背景下农地金融的发展特征、运行机制、风险测度与政策改进研究,王珏,西安交通大学,青年项目,应用经济
199,三权分置下宅基地发展权转移增值收益共享研究,鄂施璇,重庆工商大学,青年项目,应用经济
200,场景嵌入导向的农村数字普惠金融创新研究,罗兴,郑州大学,青年项目,应用经济
201,数字普惠金融缓解城乡资本错配的机理、效应与路径研究,李晓龙,贵州财经大学,青年项目,应用经济
202,货币创造视角下中国影子银行的宏观效应及政策调控影响研究,李伯尧,中国政法大学,青年项目,应用经济
203,中国影子银行系统性金融风险的多维传染与防范研究,黄敏,广州大学,青年项目,应用经济
204,基于创新链与产业链协同的区域创新悖论治理机制研究,陈俊,广东财经大学,青年项目,应用经济
205,黄河流域中心城市数字经济发展推动区域产业链优化升级研究,焦勇,山东科技大学,青年项目,应用经济
206,地方财政策略互动对城市群要素市场一体化的影响及优化对策研究,宋美,湖南财政经济学院,青年项目,应用经济
207,数字经济下税收治理效能的评估与提升研究,袁娇,云南财经大学,青年项目,应用经济
208,企业行为视角下环境保护税的地区异质性效应评估与优化设计研究,杨,青岛大学,青年项目,应用经济
209,我国环境保护税的政策效应与深化改革研究,张希栋,上海社会科学院,青年项目,应用经济
210,异质性视域下人力资本巩固拓展脱贫攻坚成果长效机制研究,冯星,辽宁大学,青年项目,应用经济
211,数字经济驱动全球价值链重构机理与我国制造业升级对策研究,刘京星,华侨大学,青年项目,应用经济
212,全球价值链参与度波动的诱因、影响及中国控制对策研究,王磊,三峡大学,青年项目,应用经济
213,新发展理念下生产性服务业向价值链高端延伸的关键要素、效应评估与路径优化研究,韩沈超,杭州电子科技大学,青年项目,应用经济
214,数字经济驱动更加充分更高质量就业的影响机理与政策研究,丁述磊,北京师范大学,青年项目,应用经济
215,国内市场一体化对出口产品质量的影响机制研究,陈梅,郑州大学,青年项目,应用经济
216,“双循环”新格局下进口竞争推动制造业技术创新的机制与对策研究,石小霞,武汉纺织大学,青年项目,应用经济
217,数字经济对中国企业出口升级的作用机理、效应及对策研究,方玉霞,江西师范大学,青年项目,应用经济
218,“双循环”新格局下政府投资转型对制造业结构升级的影响机制研究,贾婷月,上海社会科学院,青年项目,应用经济
219,“后疫情时代”兼顾安全与收益的中国企业海外投资区位行业布局研究,孙好雨,上海立信会计金融学院,青年项目,应用经济
220,多元制度视域下构建弹性退休制度应对老龄化的理论、机制与政策研究,孙雅,华中科技大学,青年项目,应用经济
221,国内国际价值环流嵌入视角下中国高端装备制造业升级研究,张月月,浙江工商大学,青年项目,应用经济
222,数字经济时代中国全要素生产率增长的实现路径与政策体系研究,王卫,哈尔滨理工大学,青年项目,应用经济
223,绿色金融助推我国绿色全要素生产率的机制与实现路径研究,秦琳贵,沈阳农业大学,青年项目,应用经济
224,建筑全寿命周期多元主体能耗治理机制与政策研究,冯群,济南大学,青年项目,应用经济
225,西南地区承接产业转移与碳达峰协同机制研究,任亚运,贵州财经大学,青年项目,应用经济
226,碳解锁实现制造业绿色化改造的机理与路径研究,蔡海亚,盐城工学院,青年项目,应用经济
227,碳中和目标约束下建筑碳排放总量省域分配研究,马敏达,清华大学,青年项目,应用经济
228,环境规制影响企业高质量发展的机制及路径研究,雷鹏飞,中南财经政法大学,青年项目,应用经济
229,市场型环境规制诱发先进制造业绿色技术创新的机制与路径研究,谢宜章,湖南农业大学,青年项目,应用经济
230,西部地区绿色金融与生态资源的非协调性耦合识别及协调发展路径研究,马大来,重庆理工大学,青年项目,应用经济
231,金融系统流动性分层对企业融资的影响机制及其治理研究,吴华强,广州大学,青年项目,应用经济
232,中国地方债务可持续性的测度、影响因素与实现路径研究,陈宝东,西安工程大学,青年项目,应用经济
233,审计委员会治理模式下资源环境审计的现实困境与协同机制研究,崔雯雯,西南大学,青年项目,应用经济
234,数字经济环境下的农民增收路径及其城乡间转移决策机制研究,王伟新,浙江工商大学,青年项目,应用经济
235,南疆四地州相对贫困多维度识别与协同治理研究,罗万云,新疆大学,青年项目,应用经济
236,数字乡村背景下互联网赋能缓解农村多维相对贫困的长效机制研究,冷晨昕,清华大学,青年项目,应用经济
237,金融科技背景下分析师信息披露行为的机制及监管研究,姚晶晶,江苏大学,青年项目,应用经济
238,新发展格局下数字技术驱动制造业服务化转型的机理及路径研究,罗双成,长沙理工大学,青年项目,应用经济
239,金融集聚对城市绿色经济发展的空间溢出及影响机制研究,高翠云,辽宁大学,青年项目,应用经济
240,数字经济背景下互联网平台相关市场界定方法重构与反垄断规制研究,郭晓玲,辽宁大学,青年项目,应用经济
241,西江流域生态产品的富民效应及提升策略研究,张智勇,贵州省社会科学院,青年项目,应用经济
242,数字金融对居民消费不平等的影响评估与机理研究,刘倩,广东外语外贸大学,青年项目,应用经济
243,基于经济金融关联网络的中国系统性风险监控预警研究,李政,天津财经大学,青年项目,应用经济
244,农业产业化联合体运行成效与差异化提升策略研究,叶云,长江大学,青年项目,应用经济
245,中国农业数字化转型机理、效应及路径优化研究,刘晓倩,河北地质大学,青年项目,应用经济
246,网络嵌入视角下农民合作社数字化转型的实现机制研究,郑阳阳,南京林业大学,青年项目,应用经济
247,“双循环”新格局下制造业高质量发展的驱动机制、效果测度及提升策略研究,王玉燕,安徽大学,青年项目,应用经济
248,高质量发展视域下中国物流业绿色发展评价与提升路径研究,张旭,燕山大学,青年项目,应用经济
249,并购重组注册制改革促进企业高质量发展的机制、路径与政策研究,李晶晶,哈尔滨工业大学,青年项目,应用经济
250,乡村旅游高质量发展促进乡村振兴的路径创新与政策优化研究,时朋飞,西南大学,青年项目,应用经济
251,省际合作帮扶促进欠发达地区经济持续发展评价及机制创新研究,徐明,广东外语外贸大学,青年项目,应用经济
252,中国民营企业的创新韧性与提升路径研究,夏后学,南京工业大学,青年项目,应用经济
253,宏观经济治理的跨周期政策设计和逆周期调节能力提高研究,刘子玉,广州大学,青年项目,应用经济
254,西部地区居民绿色农产品消费行为的影响机制及优化路径研究,张锐,北方民族大学,青年项目,应用经济
255,基于用户竞争视角的互联网平台排他性交易的监管研究,鲁彦,山东师范大学,青年项目,应用经济
256,服务业制度型开放对服务型制造企业升级的有效性检验与协调机制研究,孟翡,浙江理工大学,青年项目,应用经济
257,混合经营对农村集体经济发展的作用机理及其政策体系研究,周振,国家发展和改革委员会产业经济与技术经济研究所,青年项目,应用经济
258,数字乡村试点成效评估及建设路径优化研究,吴石磊,山东理工大学,青年项目,应用经济
259,“十四五”时期我国经济增长趋势的实时测算与收敛特征分析研究,徐宁,吉林大学,青年项目,应用经济
260,基于超级基因的我国绿电布局优化研究,肖坤,武汉大学,青年项目,应用经济
261,代际传递视角下“整村搬迁”富民效应动态评估及提升路径研究,滕祥河,云南大学,青年项目,应用经济
262,我国北部湾城市群向海经济高质量发展动力机制及政策体系研究,文海漓,广西财经学院,青年项目,应用经济
263,银行数字化转型与货币政策传导有效性研究,汪勇,中国社会科学院金融研究所,青年项目,应用经济
264,基本公共服务均等化促进农村流动人口消费的影响机制与对策研究,温兴祥,南京财经大学,青年项目,应用经济
265,新型城镇化背景下最低工资对农民工就业质量的影响研究,杨正雄,南京财经大学,青年项目,应用经济
266,贷款市场利率报价机制、利率政策有效性与金融稳定性研究,潘长春,吉林大学,青年项目,应用经济
267,数字金融发展背景下家庭负债结构性不平衡的测度与优化研究,张旭阳,北京工商大学,青年项目,应用经济
268,西部地区生态脱贫农户返贫风险识别与化解机制研究,张童朝,中共重庆市委党校,青年项目,应用经济
269,绿色金融推动黄河流域产业绿色发展的作用机制与路径优化研究,王韧,山东社会科学院,青年项目,应用经济
270,行政区划调整、市场分割与区域一体化发展,庄汝龙,宁波大学,青年项目,应用经济
271,中国金融业扩大开放与宏观审慎政策的国际协调研究,陈若愚,安徽财经大学,青年项目,应用经济
272,新型基础设施建设赋能西部地区制造业绿色转型的机制与政策研究,王念,广西财经学院,青年项目,应用经济
273,数字化转型条件下价格指数编制方法改进与不变价GDP核算的优化,雷泽坤,辽宁大学,青年项目,统计学
274,大数据背景下西南民族连片特困地区多维减贫效应及防贫创新机制研究,李根,贵州财经大学,青年项目,统计学
275,高维矩阵型数据下我国系统性金融风险传导及防控研究,刘程程,首都经济贸易大学,青年项目,统计学
276,基于大数据的突发事件动态应急决策模型与应用研究,张自欣,阳光学院,青年项目,统计学
277, “行政记录人口普查”的数据质量评估框架研究,史龙梅,安徽工程大学,青年项目,统计学
278,城市经济周期分化效应的统计监测研究,郑玉航,广东财经大学,青年项目,统计学
279,基于机器学习的多维相对贫困精准识别、测度与预警机制研究,车四方,重庆工商大学,青年项目,统计学
280,时空数据建模下收入分布函数的动态演变规律及预测研究,秦磊,对外经济贸易大学,青年项目,统计学
281,高维面板数据条件下的多维向量回归模型及应用研究,陈方尧,西安交通大学,青年项目,统计学
282,基于高维混合模型的聚类分析的统计推断及应用研究,项思佳,浙江财经大学,青年项目,统计学
283,关联网络视角下中国碳市场价格相依性风险的统计测度研究,董清利,大连理工大学,青年项目,统计学
284,城投债的集聚违约风险与动态预警研究,李培志,东北财经大学,青年项目,统计学
285,交叉性金融风险水平测度、传导路径识别与监测预警研究,贾帅帅,广州大学,青年项目,统计学
286,企业金融化引致系统性风险的统计监测研究,黄哲豪,广州大学,青年项目,统计学
287,产业链安全视角下区域产业分工调整与实现路径研究,郑腾飞,国家发展和改革委员会产业经济与技术经济研究所,青年项目,统计学
288,重大突发公共安全事件风险评估预警与分担机制的统计研究,杨雅明,天津财经大学,青年项目,统计学
289,中国居民线上消费碳中和路径研究,陈广武,北京师范大学,青年项目,统计学
290,高质量发展视域下产业转型升级对居民消费的影响研究,王勇,江西财经大学,青年项目,统计学
291,新发展格局下制造业数字化转型对产业升级影响的统计研究,郑冰,浙江理工大学,青年项目,统计学
292,碳中和目标约束下企业碳信息披露质量与外部监管机制研究,符少燕,海南大学,青年项目,统计学
293,我国居民消费潜力的多维测度及消费政策优化研究,陆地,吉林财经大学,青年项目,统计学
294,健康中国战略背景下国民健康区域差异的测度、分解与对策研究,郭同济,江西财经大学,青年项目,统计学
295,中国区际数字鸿沟多级测度及弥合策略研究,田政杰,山东财经大学,青年项目,统计学
296,碳中和目标下环境协同治理的健康效应统计研究,周远翔,安徽财经大学,青年项目,统计学
297,新发展阶段中等收入群体规模的统计测度与扩大策略研究,孙伯驰,北京师范大学,青年项目,统计学
298,我国数字产业集群竞争力测度与提升路径研究,师磊,南京财经大学,青年项目,统计学
299,新时代中国特色社会主义政治正义理论研究,陈绍辉,北京大学,青年项目,政治学
300,西南边疆国家政权建设档案资料的收集整理与研究（1949-1966）,赵局建,云南大学,青年项目,政治学
301,国外计算政治学的演进与发展趋势研究,陈鹏,武汉理工大学,青年项目,政治学
302,新技术时代西方民主机制失调研究,杨春林,山东大学,青年项目,政治学
303,海外中国共产党政治研究的学术史研究,廖幸谬,中山大学,青年项目,政治学
304,近年来欧美主要国家政党制度的结构性问题研究,孙润南,北京航空航天大学,青年项目,政治学
305,党领导下的“三治合一”村级治理组织体系运行模式和驱动机制研究,李鑫涛,南开大学,青年项目,政治学
306,“党员下沉基层”背景下的社区治理共同体建设机制研究,包涵川,长安大学,青年项目,政治学
307,新时代建立治疆国际话语权应对外部挑战机制研究,赵桃桃,深圳大学,青年项目,政治学
308,人民代表与中国特色社会主义民主政治研究,童志超,中山大学,青年项目,政治学
309,现代政治代表结构的基础理论研究,张旭斌,中南财经政法大学,青年项目,政治学
310,比较历史视野下的政治文化变迁研究,胡鹏,复旦大学,青年项目,政治学
311,中国近代思潮中的政治共同体问题研究,苏鹏辉,陕西师范大学,青年项目,政治学
312,新冠肺炎疫情防控中科学-政府-大众关系的社会治理研究,郭凤林,北京外国语大学,青年项目,政治学
313,新时代党领导基层治理的政治整合机制研究,王江伟,江西师范大学,青年项目,政治学
314,区域环境治理中的地方政府间博弈及其规范研究,张振波,南京审计大学,青年项目,政治学
315,乡村振兴中的基层“动员-参与”协同机制研究,郑永君,西北农林科技大学,青年项目,政治学
316,乡村振兴战略下基层行政区划调整治理效能研究,韦欣,北京大学,青年项目,政治学
317,城市基层居民自治制度自我完善和发展的动力机制与实现路径研究,陈科霖,深圳大学,青年项目,政治学
318,老旧小区改造中居民自愿合作行为影响机制与激励对策研究,肖哲,南京农业大学,青年项目,政治学
319,市域社会治理中一线治理的运作和提升机制研究,赵洲洋,中共中央党校（国家行政学院）,青年项目,政治学
320,数字化转型背景下特大城市精细化管理长效机制研究,薛泽林,上海社会科学院,青年项目,政治学
321,数字技术驱动城市基层治理效能的生成机理与提升路径研究,吴新星,苏州大学,青年项目,政治学
322,特大城市社区综合服务平台化供给能力提升研究,张振洋,上海师范大学,青年项目,政治学
323,中国慈善组织参与应急治理的边界逻辑与能力提升研究,陈斌,华中科技大学,青年项目,政治学
324,基于卫生健康共同体建设的政策整合机制研究,吴文强,福建师范大学,青年项目,政治学
325,“放管服”改革进程中全面实行政府权责清单制度的路径研究,王锐,兰州大学,青年项目,政治学
326,地方政府选择性提供公共服务的财政动因与政策优化研究,刘欢,南京农业大学,青年项目,政治学
327,数字乡村建设背景下农村基本公共服务质量提升机制研究,张鹏,温州大学,青年项目,政治学
328,问责视角下新时代农民公共服务需求与精准回应研究,李华胤,华中师范大学,青年项目,政治学
329,复合治理视角下的社会矛盾防范化解机制研究,王琼,西安交通大学,青年项目,政治学
330,经济功能区与行政区间的治权冲突及协调机制研究,陈永杰,杭州师范大学,青年项目,政治学
331,自贸试验区与周边经济功能区间的政府协同机制研究,陈建科,中共江苏省委党校,青年项目,政治学
332,我国基层政府绩效评估机制优化研究,李倩,中国政法大学,青年项目,政治学
333,地方政府公务员大数据素养的结构、测度与培养路径研究,张红春,贵州大学,青年项目,政治学
334,少数基层干部“空忙”现象及矫治机制研究,段哲哲,深圳大学,青年项目,政治学
335,新时代基层干部担当作为的生成逻辑与促进机制研究,谭新雨,华东理工大学,青年项目,政治学
336,大数据环境下“循环式”重大决策社会稳定风险评估的实现机制研究,李月,东北大学,青年项目,政治学
337,算法治理视域下政府数字化转型的实践困境及其破解机制研究,王中原,复旦大学,青年项目,政治学
338,中国援助对非洲国家经济发展政策选择的影响研究,黄振乾,中国农业大学,青年项目,政治学
339,防范和遏制外部势力利用议会干预香港事务机制研究,严行健,华东政法大学,青年项目,政治学
340,高度警惕和坚决遏制“柔性台独“分裂活动的对策研究,张遂新,清华大学,青年项目,政治学
341,基于智慧赋能的社区应急协同响应机制研究,贾晶晶,广东外语外贸大学,青年项目,政治学
342,社区韧性视角下公共卫生应急治理能力提升研究,张力伟,吉林大学,青年项目,政治学
343,明末清初君主论的转型与发展研究,魏朝利,上海社会科学院,青年项目,政治学
344,中国共产党百年反分裂斗争的历史经验研究,周光俊,华东政法大学,青年项目,政治学
345,社会组织协商中的基层商会“话事人”角色研究,傅熠华,中山大学,青年项目,政治学
346,政府购买公共服务的问题及治理对策研究,崔杨杨,中共上海市委党校,青年项目,政治学
347,撤县设市改革绩效优化路径研究,邢健,湖北大学,青年项目,政治学
348,基层问责异化现象的生成机理与治理路径研究,吕永祥,武汉大学,青年项目,政治学
349,中国地方政府廉政治理激励机制研究,许天翔,中国社会科学院社会学研究所,青年项目,政治学
350,数字技术驱动乡村治理的伦理风险防范研究,唐志远,湘潭大学,青年项目,政治学
351,中国共产党长期执政的法理依据研究,林骏,安徽大学,青年项目,法学
352,党内法规解释机制及其运行研究,马菱霞,中共山东省委党校,青年项目,法学
353,善良风俗之司法应用机制与基层社会治理研究,孙梦娇,河南师范大学,青年项目,法学
354,法治乡村建设中的“示范”机制研究,李梦侠,云南大学,青年项目,法学
355,数字人权的司法保障机制研究,高一飞,浙江工商大学,青年项目,法学
356,智慧司法中法律推理与法律解析的融合路径研究,魏斌,浙江大学,青年项目,法学
357,数据要素确权的法律供给研究,文禹衡,湘潭大学,青年项目,法学
358,信息处理者的安全保障义务研究,苏成慧,西南政法大学,青年项目,法学
359,国家治理体系下的明清时期藏族寺规研究,夸加,青海师范大学,青年项目,法学
360,唐宋时期律令法体系向律例法体系的转型研究,李云龙,山东大学,青年项目,法学
361,岳麓简《秦律令》所见秦代罪刑之制辑释与研究,齐伟玲,西北政法大学,青年项目,法学
362,《钦钦新书》与中朝传统法律文明交流研究,张钧波,黔南民族师范学院,青年项目,法学
363,我国宪法序言价值构造的特质与趋向研究,宁凯惠,广东财经大学,青年项目,法学
364,落实中央对香港特别行政区监督权实施机制研究,朱姗姗,华南理工大学,青年项目,法学
365,数字经济与数据治理中少数群体权利保障研究,江秋伟,广东工业大学,青年项目,法学
366,紧急状态下公民权利克减的法治难题及其对策研究,梅扬,武汉大学,青年项目,法学
367,内部行政外部化研究,谭达宗,湘潭大学,青年项目,法学
368,数字政府时代算法行政的程序法治问题研究,李芹,河北大学,青年项目,法学
369,海上公共卫生法律治理研究,孙思琪,上海海事大学,青年项目,法学
370,功能主义视角下公共危险犯罪行为的处罚边界研究,李婕,安徽大学,青年项目,法学
371,功能主义刑法观视角下侵犯公民个人信息罪的保护法益研究,姜盼盼,河北农业大学,青年项目,法学
372,生物安全的刑法预防性保护研究,张永强,西南政法大学,青年项目,法学
373,财产犯罪的财产损失之研究,王琦,中共中央党校（国家行政学院）,青年项目,法学
374,刑事合规视野下智能技术单位的刑事责任研究,席若,南京财经大学,青年项目,法学
375,民法典人格权禁令民事程序构造研究,冯煜清,东南大学,青年项目,法学
376,民法典实施背景下多数人之债的共同诉讼类型研究,袁琳,华东师范大学,青年项目,法学
377,民事类案“算法”的程序法理,曹云吉,天津大学,青年项目,法学
378,刑事案件网上审判方式实证研究,杜磊,中国人民大学,青年项目,法学
379,刑法扩张背景下法定犯司法证明体系研究,陈苏豪,南京审计大学,青年项目,法学
380,习近平法治思想中的程序法治要义研究,陈爱飞,中南财经政法大学,青年项目,法学
381,民法典适用中返还法规则的体系联动与解释论建构研究,刘亚东,首都经济贸易大学,青年项目,法学
382,民法典视野下的非典型担保现代化研究,李付雷,福建师范大学,青年项目,法学
383,《民法典》合同通则在保险领域的法律适用研究,蔡大顺,湖北大学,青年项目,法学
384,民法典中隐私权与个人信息的协同保护研究,金耀,宁波大学,青年项目,法学
385,乡村振兴背景下宅基地收益权实现路径创新研究,唐欣瑜,海南师范大学,青年项目,法学
386,侵权损害的限制赔偿原理及规范技术研究,王磊,贵州大学,青年项目,法学
387,因果力比较的归责构造及其运用研究,蒋太珂,华东政法大学,青年项目,法学
388,优化营商环境背景下信用监管的法治化研究,张鲁萍,西南政法大学,青年项目,法学
389,数字经济时代资本无序扩张的竞争法规制研究,胡国梁,江西财经大学,青年项目,法学
390,区域一体化中的公平竞争审查例外制度研究,黄军,青岛大学,青年项目,法学
391,数字经济时代反垄断法实施难点问题研究,朱静洁,云南财经大学,青年项目,法学
392,数据不正当竞争行为司法规制的实证研究,陈耿华,西南政法大学,青年项目,法学
393,“一带一路”服务贸易增值税管辖权协调研究,任宛立,暨南大学,青年项目,法学
394,金融业增值税制度的中国样本与立法完善研究,郑俊萍,南昌大学,青年项目,法学
395,新发展格局下数字税立法原理研究,程前,南开大学,青年项目,法学
396,民法典实施中绿色条款的法律适用研究,李华琪,河海大学,青年项目,法学
397,生态文明视域下自然资源统一确权登记制度研究,韩英夫,辽宁大学,青年项目,法学
398,新发展格局下种质资源安全法治体系建构研究,刘庆,杭州电子科技大学,青年项目,法学
399,环境健康权保护的公私法协动进路研究,朱炳成,中国政法大学,青年项目,法学
400,国有企业国际经贸规则中的中国方案构建研究,丁如,中国政法大学,青年项目,法学
401,利益平衡视角下的阻断法实施问题研究,丁汉韬,中南财经政法大学,青年项目,法学
402,全球治理中我国承认与执行外国民事判决制度构建研究,黄志慧,中南财经政法大学,青年项目,法学
403,保障“南海行为准则”有效实施的法律问题研究,张琪悦,上海国际问题研究院,青年项目,法学
404,习惯国际法在海洋法领域的新发展与中国的对策研究,刘思竹,复旦大学,青年项目,法学
405,系统理论视角下基于四向价值判断的反思型司法决策模型研究,姜永伟,大连海事大学,青年项目,法学
406,乡村振兴背景下乡村精细治理的实践机制与法治保障研究,王福强,安徽大学,青年项目,法学
407,网络安全信息共享的法律保障研究,方婷,西北大学,青年项目,法学
408,传统中国判牍案例中的司法理念及其当代价值研究,潘萍,河海大学,青年项目,法学
409,平政院稀见文献整理与研究,胡译之,上海社会科学院,青年项目,法学
410,全国人大常委会授权改革试点决定案例研究,周宇骏,湖南大学,青年项目,法学
411,中国特色社会主义法律体系中的监察法规研究,刘怡达,湖南大学,青年项目,法学
412,美好生活视角下休闲权的法理重构与实现机制研究,黄镇,暨南大学,青年项目,法学
413,国家公园体制中的保护地役权制度研究,马允,中国政法大学,青年项目,法学
414,行政法视野下公共惩罚结构失衡之调适研究,马迅,华东政法大学,青年项目,法学
415,证明事项告知承诺制的实施困境与法治应对研究,黄锴,浙江工业大学,青年项目,法学
416,声誉制裁在行政法中的体系定位与法治完善研究,王瑞雪,南开大学,青年项目,法学
417,行政诉讼起诉期限类型化构建研究,范伟,中国政法大学,青年项目,法学
418,智慧司法背景下犯罪嫌疑人社会风险的大数据评估方法研究,周翔,浙江大学,青年项目,法学
419,轻微犯罪出罪机制研究,孙本雄,北京理工大学,青年项目,法学
420,基于统一法秩序的预防性惩罚机制构建研究,邱帅萍,湖南科技大学,青年项目,法学
421,企业合规视野下企业认罪认罚从宽制度构建及适用研究,孔令勇,安徽大学,青年项目,法学
422,刑事诉讼量刑合意机制实证研究,贾志强,吉林大学,青年项目,法学
423,我国刑事证明标准的实践样态与认知模式研究,谢澍,中国政法大学,青年项目,法学
424,有效帮助目标导向下我国值班律师制度建构的实践问题与完善对策研究,程衍,华东政法大学,青年项目,法学
425,数字时代下格式条款的强制性内容管制体系研究,王俣璇,北京交通大学,青年项目,法学
426,公私法协动视野下生态环境损害救济机制体系化研究,彭中遥,湖南大学,青年项目,法学
427,证券监管介入上市公司治理的体系性构造研究,吕成龙,深圳大学,青年项目,法学
428,新时代中国航天专利的复合保护研究,陈志杰,暨南大学,青年项目,法学
429,品牌学视角下的驰名商标反淡化保护制度研究,卢结华,佛山科学技术学院,青年项目,法学
430,以“区分功能”为基础的地理标志立法研究,宋昕哲,海南大学,青年项目,法学
431,文本和数据挖掘的著作权合理使用制度研究,何蓉,中南财经政法大学,青年项目,法学
432,系统性风险防范下金融科技反垄断规制研究,刘乃梁,重庆大学,青年项目,法学
433,金融监管透明度法治保障研究,刘盛,华南理工大学,青年项目,法学
434,以基本公共服务均等化消除相对贫困的法治路径研究,李若兰,中共中央党校（国家行政学院）,青年项目,法学
435,用工组织形式数字化变革的法律应对研究,王茜,上海工程技术大学,青年项目,法学
436,离婚冷静期实施效果实证研究,葛向孜,中华女子学院,青年项目,法学
437,国际投资仲裁涉及中国的裁决执行问题研究,连俊雅,北京理工大学,青年项目,法学
438,人类命运共同体理念下载人航天商业化制度构建研究,龙杰,深圳大学,青年项目,法学
439,中国农村社会工作史研究,徐其龙,广西师范大学,青年项目,社会学
440,外源性组织嵌入乡村社会的民国经验与启示,陈旭华,哈尔滨工业大学,青年项目,社会学
441,历史社会学视角下农地“三权分置”的形塑机制和效应研究,陈颀,华中科技大学,青年项目,社会学
442,德国古典社会学中的共同体思想研究,张巍卓,中国人民大学,青年项目,社会学
443,基于多源时空数据的犯罪风险预警模式研究,石拓,北京警察学院,青年项目,社会学
444,超大城市犯罪空间的形成机制与防控策略研究,张延吉,福州大学,青年项目,社会学
445,“三权分置”背景下水权流动对乡村治理的挑战与对策研究,李华,太原理工大学,青年项目,社会学
446,构建我国国际化社区治理共同体的现实困境与实现路径研究,马萧,华东理工大学,青年项目,社会学
447,基于中国边疆社会调查的族际朋友交往及其影响因素研究,周文,云南大学,青年项目,社会学
448,县域视角下乡村振兴与新型城镇化融合发展研究,安永军,北京工业大学,青年项目,社会学
449,积极老龄化视角下农村老年人健康不平等消解机制及政策优化研究,杨晶,湖南大学,青年项目,社会学
450,城乡融合发展视角下农村土地资源整合机制研究,陈文琼,中南大学,青年项目,社会学
451,金融化视角下我国收入分配差距变迁与共同富裕研究,朱斌,中国人民大学,青年项目,社会学
452,我国特大城市青年的居住困境及其支持政策研究,连彬,华东理工大学,青年项目,社会学
453,新冠疫情防控下中英两国不同类型城市社区治理模式研究,刘思遥,中央民族大学,青年项目,社会学
454,互联网时代湘粤桂交界地区的技术治理与数字赋能研究,申玲玲,湘潭大学,青年项目,社会学
455,互联网环境下的个人日常交往模式变迁研究,田林楠,江苏省社会科学院,青年项目,社会学
456,政府购买社区服务的项目制运作风险及其防控研究,毛明明,贵州师范大学,青年项目,社会学
457,长江禁捕背景下湖区退捕渔民生计转型与可持续发展路径研究,龚梦玲,江西省社会科学院,青年项目,社会学
458,农村家庭育赡投入之代际冲突与干预对策研究,华静,宁夏大学,青年项目,社会学
459,矿区生态环境治理的制度创新与社会参与机制研究,胡溢轩,福州大学,青年项目,社会学
460,乡村振兴背景下凉山彝族村寨“景村”空间融合的机制与模式研究,李念,四川农业大学,青年项目,社会学
461,社会不平等与环境问题交互影响和缓解机制研究,王琰,南开大学,青年项目,社会学
462,礼治思想与中国乡村社会治理研究,李海云,山东大学,青年项目,社会学
463,舒适物理论视角下生态移民安置社区文化再造研究,文立杰,山东理工大学,青年项目,社会学
464,农村临终关怀模式构建的文化适宜性研究,龚霓,暨南大学,青年项目,社会学
465,失智症长期照护的人类学研究,吴心越,东南大学,青年项目,社会学
466,留守儿童和流动儿童健康及其社会影响研究,沈纪,首都师范大学,青年项目,社会学
467,农村患癌群体的流动就医与健康社会工作干预研究,陈泽霖,福建医科大学,青年项目,社会学
468,新时代农民家庭代际合作育儿模式研究,李永萍,南开大学,青年项目,社会学
469,国家亲权视野下流动未成年人虞犯教育保护体系构建研究,杨岭,集美大学,青年项目,社会学
470,新发展阶段城市3―6岁多维贫困儿童的家庭教育社会支持研究,杨晨晨,南通大学,青年项目,社会学
471,“技术控制”视角下新职业群体就业支持政策研究,昌硕,中共北京市委党校,青年项目,社会学
472,互联网经济背景下平台劳动者的嵌入性及其社会保护研究,魏海涛,华中师范大学,青年项目,社会学
473,乡村振兴背景下新型农业雇佣关系的社会基础与劳动秩序研究,吴存玉,山东师范大学,青年项目,社会学
474,中国居民再分配偏好的影响机制及结构特征研究,杨琨,河海大学,青年项目,社会学
475,生计资本视角下边缘贫困户脆弱性评估及治理研究,华汛子,湖北大学,青年项目,社会学
476,城郊“超级村庄”的社会样态及其衍生问题研究,齐苗苗,吉林大学,青年项目,社会学
477,乡村振兴背景下农村转型的内生动力与路径优化研究,梁栋,山东大学,青年项目,社会学
478,西南民族地区返贫致贫风险防范与常态化帮扶机制研究,孙晗霖,西南大学,青年项目,社会学
479,新发展阶段农村兜底减贫长效机制构建与路径优化研究,兰剑,西南大学,青年项目,社会学
480,乡村振兴背景下农村社会治理共同体培育及其生成机制研究,田孟,中南大学,青年项目,社会学
481,相对贫困农户主体性缺失的发生机制与治理策略研究,杨永伟,山东大学,青年项目,社会学
482,乡村振兴背景下治理低效的生成逻辑与破解路径研究,张红阳,清华大学,青年项目,社会学
483,城镇化进程中社会心态的隧道效应研究,张衍,中国社会科学院社会学研究所,青年项目,社会学
484,3-6岁儿童电子媒体使用对道德行为的影响研究,王佳,北京联合大学,青年项目,社会学
485,基于社会分类视角的儿童心理贫困形成机制与对策研究,孙山,湖北大学,青年项目,社会学
486,学前流动儿童社会退缩行为的机制及干预研究,朱晶晶,上海师范大学,青年项目,社会学
487,情绪线索对儿童信任判断影响机制的追踪研究,汤玉龙,浙江工业大学,青年项目,社会学
488,留守儿童短视频媒体使用对心理健康的影响及机制研究,钞淼,天津师范大学,青年项目,社会学
489,疫情防控常态化下网络社交沟通偏差的心理机制与干预研究,谢久书,南京师范大学,青年项目,社会学
490,“饭圈”社群的认同机制与治理研究,景星维,西南交通大学,青年项目,社会学
491,低生育率背景下企业家庭友好实践建设及政府扶持研究,来宪伟,河南师范大学,青年项目,社会学
492,新时代群团组织与社会工作的嵌合机制与实践路径研究,高丽,郑州轻工业大学,青年项目,社会学
493,专业性社会组织参与信访矛盾化解的机制研究,张帆,吉林大学,青年项目,社会学
494,二代流动儿童回流的发生机制、社会后果与干预政策研究,朱志胜,北京第二外国语学院,青年项目,社会学
495,未成年人口自杀风险的社会根源和预防策略研究,常青松,厦门大学,青年项目,社会学
496,互联网使用视域下农村留守儿童多维健康及其社会影响研究,陈亮,广东金融学院,青年项目,社会学
497,事实无人抚养儿童脆弱性评估及社会工作干预研究,陈相云,河南科技大学,青年项目,社会学
498,儿童福利视角下我国普惠性托育服务体系建设研究,江夏,扬州大学,青年项目,社会学
499,未成年人保护的社会工作整合性服务体系构建研究,汪鸿波,江西财经大学,青年项目,社会学
500,基于健康生活方式理论的我国低龄老年人健康素养研究,柴向南,南京大学,青年项目,社会学
501,社会工作参与乡村社会治理共同体建设的路径研究,王杰,福州大学,青年项目,社会学
502,嵌合视角下农村发展型社会工作的实践路径研究,何宇飞,华中农业大学,青年项目,社会学
503,新时代社会工作服务的赋权评估实践体系研究,刘江,南京理工大学,青年项目,社会学
504,治理共同体视域下社区服务项目制的协同困境与机制创新研究,严骏夫,上海应用技术大学,青年项目,社会学
505,社会治理共同体视域下社区服务项目制研究,张海,华东政法大学,青年项目,社会学
506,互联网时代农民工“零工经济”的社会保护研究,王一,吉林大学,青年项目,社会学
507,个人退休决策视角下渐进式延迟退休年龄对基本养老保险的影响研究,石晨曦,重庆工商大学,青年项目,社会学
508,长期护理保险对失能老人家庭照护的影响及健康效应研究,史薇,北京理工大学,青年项目,社会学
509,伦敦政治经济学院图书馆藏费孝通档案整理与研究,孙静,泉州师范学院,青年项目,社会学
510,中国特色文化资本对代际流动的影响机制研究,韩钰,济南大学,青年项目,社会学
511,特大城市居住空间分异的邻里效应及其治理研究,蒋和超,西南财经大学,青年项目,社会学
512,基于政策与科学共演过程的循证决策机制研究,程曦,苏州大学,青年项目,社会学
513,乡村振兴战略下市场化、多元化草原生态补偿机制研究,石腾飞,青岛大学,青年项目,社会学
514,赣闽粤边区地方性知识与乡村社会治理研究,吴玉彬,赣南师范大学,青年项目,社会学
515,文化社会学视角下中国农村基础教育政策的非预期性后果,折曦,中国社会科学院社会学研究所,青年项目,社会学
516,健康中国战略下孕产期妇女的抑郁生成轨迹及社会支持体系研究,安姗姗,江南大学,青年项目,社会学
517,草场承包制改革下的新型游牧形式研究,阿妮尔,中国社会科学院社会学研究所,青年项目,社会学
518,新时代我国家庭教育投入状况挤兑儿童发展的影响研究,张振宇,济南大学,青年项目,社会学
519,全球疫情背景下海外中国劳工的生存困境及权益保障研究,刘兴花,华中科技大学,青年项目,社会学
520,地位获得视域下农业转移人口的职业教育回报研究,李颖晖,西北政法大学,青年项目,社会学
521,农民电商创业风险及其治理的社会学研究,周浪,华中科技大学,青年项目,社会学
522,社会组织市场化转向与自我造血实践研究,王元腾,上海社会科学院,青年项目,社会学
523,平台企业参与社会治理的模式和机制研究,刘学,中国社会科学院社会发展战略研究院,青年项目,社会学
524,欠发达地区乡村产业发展中的女性赋权及其社会影响研究,许汉泽,南京航空航天大学,青年项目,社会学
525,农业现代化进程中小农户“组织困境”破解研究,冯小,西北农林科技大学,青年项目,社会学
526,新发展格局下健全社会心理危机干预机制的关键要素和路径优化研究,刘卿,浙江工业大学,青年项目,社会学
527,社会支持对家庭贫困青少年亲社会行为的作用和影响机制研究,姚卓君,苏州大学,青年项目,社会学
528,重大突发公共卫生事件中民众疫情疲劳的影响机制与改善策略研究,张燕,深圳大学,青年项目,社会学
529,重大疫情下一线医务工作者心理应激反应的时程机制及数字化干预研究,周宁宁,华东师范大学,青年项目,社会学
530,我国城市老年群体自杀问题的社会干预机制研究,徐倩,南京信息工程大学,青年项目,社会学
531,社会救助对农村贫困儿童人力资本发展的动态干预机制研究,葛霆,南京大学,青年项目,社会学
532,困境儿童家庭韧性提升的社会工作介入研究,王梦怡,南京林业大学,青年项目,社会学
533,易地扶贫搬迁移民的社会抗逆力研究,魏爱春,常州大学,青年项目,社会学
534,租购并举住房制度下城市公共服务均等化研究,陈伟,上海大学,青年项目,社会学
535,中国第二次人口转变的空间分布及产生机制研究,王东晖,中国人民大学,青年项目,人口学
536,失能老人家庭照料负担及社区支持研究,孙金明,廊坊师范学院,青年项目,人口学
537,社区居家医养结合服务高质量运作模式研究,曹杨,四川大学,青年项目,人口学
538,数字技术促进老年健康的社区支持机制研究,宁雯雯,武汉科技大学,青年项目,人口学
539,西南民族地区就近城镇化供需失配格局与匹配优化研究,赵美风,天津师范大学,青年项目,人口学
540,基于承载力匹配视角的都市圈人口空间格局演变和优化路径研究,陈金英,浙江师范大学,青年项目,人口学
541,数字鸿沟中的“新型失能”老人问题及社会支持研究,山娜,北京服装学院,青年项目,人口学
542,老年农民工的养老风险分析与应对政策研究,谢娅婷,河南农业大学,青年项目,人口学
543,新业态下灵活就业人员适应性养老保险制度构建研究,方群,江西财经大学,青年项目,人口学
544,新疆内地籍人口社会融入程度与模式差异化研究,刘磊,石河子大学,青年项目,人口学
545,数字经济背景下农民工数字素养与社会融合研究,朱明宝,中南财经政法大学,青年项目,人口学
546,家庭养育成本对生育的影响及生育支持政策构建研究,周宇香,中国青少年研究中心,青年项目,人口学
547,获得感视角下的就业质量评价和提升路径研究,凌珑,南京师范大学,青年项目,人口学
548,超大城市流动人口的精神健康风险评估与应对策略研究,罗雅楠,北京大学,青年项目,人口学
549,乡村振兴背景下返乡流动儿童心理健康及其影响机制研究,赵冠岚,浙江大学,青年项目,人口学
550,南岭走廊乡村建设行动中民族特色风貌保护传承研究,梅骏翔,桂林理工大学,青年项目,民族学
551,各民族共享的中华民族形象建构路径及传播策略研究,李倩岚,南京航空航天大学,青年项目,民族学
552,川藏铁路与铸牢中华民族共同体意识研究,谢伟民,西藏大学,青年项目,民族学
553,新时代新疆民族团结进步模范区创建与铸牢中华民族共同体意识成效理论与实践研究,魏功祥,新疆维吾尔自治区社会科学院,青年项目,民族学
554,晚清边疆语言文字新政与中华民族共同体建构研究,赫佳妮,北京大学,青年项目,民族学
555,武陵山片区传统手工艺的知识产权保护研究,向h,怀化学院,青年项目,民族学
556,川西北牧区农牧民相对贫困识别与长效治理研究,杨帆,四川大学,青年项目,民族学
557,西北民族地区三线建设遗产在铸牢中华民族共同体意识中的价值挖掘与活化利用研究,杜华君,北方民族大学,青年项目,民族学
558,滇西北民族特色传统村落家园建构及其动态保护研究,冯慧超,浙江理工大学,青年项目,民族学
559,川藏公路文化遗产整体性保护与活化利用研究,张勃,重庆交通大学,青年项目,民族学
560,行动者视角下太行山区传统村落和乡村风貌保护的典型调查研究,罗士s,北京体育大学,青年项目,民族学
561,“路学”视域下青藏铁路与多民族交融共生研究,马巍,宁夏大学,青年项目,民族学
562,乡村集市与武陵走廊多民族交往交流交融研究,谭萌,北京大学,青年项目,民族学
563,西部民族地区巩固脱贫成果的内生型社会动员机制研究,李全利,广西师范大学,青年项目,民族学
564,青藏高原农牧区义务教育教师统筹配置问题研究,宋维玉,青海师范大学,青年项目,民族学
565,就业优先背景下民族地区职业教育产教融合发展研究,高岳涵,天津大学,青年项目,民族学
566,后疫情时期南疆四地州农户家庭债务及化解途径研究,娜比拉・海萨尔,新疆农业大学,青年项目,民族学
567,新中国成立初期中华民族共同体建设研究（1949-1957）,张福强,北方民族大学,青年项目,民族学
568,新时代中国共产党治藏方略研究,刘玉,西藏大学,青年项目,民族学
569,多元一体格局中的中华民族共同体形象研究,徐欣顺,清华大学,青年项目,民族学
570,元代蒙语直译体文献汇编,花兴,内蒙古民族大学,青年项目,民族学
571,畲族口传史诗演述传统与多民族交融互动研究,孟令法,重庆工商大学,青年项目,民族学
572,川西藏区牧业社会的等级制变迁与现代工商业市场研究,赵E健,厦门大学,青年项目,民族学
573,黄河上游少数民族传统村落保护与振兴的典型调查研究,巨浪,西北师范大学,青年项目,民族学
574,乡村振兴背景下西江流域圩文化空间的现代利用与创造性转化研究,张晨,广西艺术学院,青年项目,民族学
575,川黔古盐道线性文化遗产系统性保护与利用研究,黄小刚,贵州民族大学,青年项目,民族学
576,明清湘黔苗区边墙遗址遗存调查与整理,陈文元,贵州民族大学,青年项目,民族学
577,中越边疆地区外籍务工人员社会适应及安全治理研究,麦艳航,南宁师范大学,青年项目,民族学
578,三江源地方性生态知识与牧民生存智慧研究,东主卓玛,青海民族大学,青年项目,民族学
579,宋朝西北边疆族群的国家认同研究,王道鹏,安徽师范大学,青年项目,民族学
580,清代湘西苗区儒家文化传播与国家认同研究,张熙,信阳师范学院,青年项目,民族学
581,清代集部文献中的新疆多民族交往交流交融研究,秦帮兴,新疆大学,青年项目,民族学
582,中国古代北方游牧民族先世建构与历史书写研究,温拓,云南大学,青年项目,民族学
583,珠江上游民族聚居区生态振兴与稳定脱贫良性互动机制研究,张琳杰,贵州省社会科学院,青年项目,民族学
584,西南少数民族火草纺织技术史研究,张学渝,广西民族大学,青年项目,民族学
585,南疆乡村振兴进程中妇女的地位与作用研究,庄玮,新疆财经大学,青年项目,民族学
586,女真文碑刻整理与释读研究,綦岩,黑龙江大学,青年项目,民族学
587,17-19世纪西藏金沙江流域藏文地方志收集整理与研究,泽仁曲措,西藏大学,青年项目,民族学
588,清代满文舆地志文献整理与研究,张闶,中国人民大学,青年项目,民族学
589,汉字记录侗语文献书写系统研究,龙润田,首都师范大学,青年项目,民族学
590,民族地区推广通用语言文字与就业关系的跟踪调查研究,傲日格乐,内蒙古民族大学,青年项目,民族学
591,西南少数民族传统协作组织在产业治理中的运用与效益研究,杜星梅,云南大学,青年项目,民族学
592,杜・乔玛之前的西方藏学研究,牛海洋,陕西师范大学,青年项目,民族学
593,新出13-14世纪藏文文献中有关汉藏蒙多民族交往交流交融史料的译注与研究,谢光典,陕西师范大学,青年项目,民族学
594,西藏古代印章与汉藏各民族交往交流交融研究,朱德涛,四川警察学院,青年项目,民族学
595,乡村振兴背景下藏区青年返乡创业的社会生态系统优化研究,陈玉凤,井冈山大学,青年项目,民族学
596,多语种方志文献中的元代北方少数民族传记资料整理与研究,陈新元,中山大学,青年项目,民族学
597,越共十三大后的越南共产党新动向及我应对研究,张玲,云南省社会科学院,青年项目,国际问题研究
598,大国经济竞争的策略选择研究,肖河,中国社会科学院世界经济与政治研究所,青年项目,国际问题研究
599,周边中小国家的“利基外交”对我国外交环境影响与政策研究,王琛,暨南大学,青年项目,国际问题研究
600,中国崛起与国际发展秩序的变革,陈沐阳,北京大学,青年项目,国际问题研究
601,后疫情时代中美竞争的战略叙事建构与变迁机制研究,曹德军,中国人民大学,青年项目,国际问题研究
602,智能化武装行动国际规制及中国主张研究,居梦,湖北工业大学,青年项目,国际问题研究
603,19世纪以来涉中印边界西段争议区地图的整理与研究,刘秧,四川大学,青年项目,国际问题研究
604,水足迹视角下中国与“一带一路”沿线国家水可持续性研究,蔡婕萍,湖南大学,青年项目,国际问题研究
605,海上恐怖主义及其治理研究,曹峰毓,西北大学,青年项目,国际问题研究
606,新冠疫情背景下的全球粮食安全治理与中国的战略选择研究,张帅,上海政法学院,青年项目,国际问题研究
607,后疫情时代全球气候治理体系变革与中国气候外交对策研究,关孔文,北京航空航天大学,青年项目,国际问题研究
608,人工智能的国际安全挑战与规范演进研究,朱荣生,清华大学,青年项目,国际问题研究
609,区块链共识机制对全球治理规则制定的启示研究,杨昊,中国政法大学,青年项目,国际问题研究
610,国际数字鸿沟治理与中国战略选择研究,邸玉娜,北京工商大学,青年项目,国际问题研究
611,东南亚海岛国家外交决策对“一带一路”基础设施项目的影响研究,王昭晖,厦门大学,青年项目,国际问题研究
612,“一带一路”背景下中国对非投资与构建中非命运共同体路径研究,陈兆源,中国社会科学院世界经济与政治研究所,青年项目,国际问题研究
613,全球气候治理与贸易新形势下的我国碳市场国际化路径研究,曾盈盈,中南财经政法大学,青年项目,国际问题研究
614,制度型开放背景下中国加入CPTPP的路径研究,孙忆,中共中央党校（国家行政学院）,青年项目,国际问题研究
615,依托国内大市场带动中国出口贸易高质量发展的实现路径研究,郑淑芳,南昌大学,青年项目,国际问题研究
616,全球价值链结构性变化影响中国经济安全的机制与对策研究,管传靖,对外经济贸易大学,青年项目,国际问题研究
617,全球地缘政治风险对中国高端制造业的影响测度及应对研究,郭鹏,河南工业大学,青年项目,国际问题研究
618,身份政治视角下的“主权欧洲”建设及其对中欧关系的影响研究,杨一帆,华东师范大学,青年项目,国际问题研究
619,组织与制度互动视角下的中东欧政党政治与“民主倒退”研究,马骏驰,中国社会科学院欧洲研究所,青年项目,国际问题研究
620,百年大变局下中国与欧盟产业链协同发展研究,寇蔻,北京外国语大学,青年项目,国际问题研究
621,新冠肺炎疫情下基于大数据的欧洲右翼民粹主义发展新趋势及中国应对研究,何晴倩,中国政法大学,青年项目,国际问题研究
622,印太视域下美国南海竞争战略的目标取向与措施匹配及中国应对研究,陈慈航,中南财经政法大学,青年项目,国际问题研究
623,印度洋地区秩序演变对人类命运共同体的影响及对策研究,俞家海,华南理工大学,青年项目,国际问题研究
624,日本国内关于钓鱼岛归属问题的观点解析与考证研究,房迪,北京外国语大学,青年项目,国际问题研究
625,巴基斯坦语言运动及其对中巴经济走廊影响研究,袁雨航,北京外国语大学,青年项目,国际问题研究
626,我国基于RCEP构建“亚太命运共同体”战略与路径研究,嵇先白,中国人民大学,青年项目,国际问题研究
627,中美博弈新形势下的东盟“中心地位”研究,董贺,暨南大学,青年项目,国际问题研究
628,中美在东南亚非传统安全问题上的竞争与中国的对策研究,贺嘉洁,复旦大学,青年项目,国际问题研究
629,当代泰国历史教科书中的中国形象研究,赵娟,云南大学,青年项目,国际问题研究
630,中国―东盟产业链合作的政治经济风险与化解路径研究,张淼,厦门大学,青年项目,国际问题研究
631,非洲经济一体化视域下中非自由贸易法律保障机制研究,刘功奇,湘潭大学,青年项目,国际问题研究
632,美国非洲之角安全援助战略及中国的应对研究,张舒君,中共江苏省委党校,青年项目,国际问题研究
633,土耳其“复合地缘战略”与中土战略合作关系研究,王佳尼,上海大学,青年项目,国际问题研究
634,中非合作推动新型国际发展合作体系建构研究,肖瑾,浙江师范大学,青年项目,国际问题研究
635,中非命运共同体视域下的华人企业家与非洲社会的双向互动研究,刘少楠,北京师范大学,青年项目,国际问题研究
636,新世纪以来国际移民对拉美政治变迁的影响研究,金晓文,中国人民大学,青年项目,国际问题研究
637,美国智库视域下的中俄关系（2012-2020）,马洪喜,曲阜师范大学,青年项目,国际问题研究
638,注意力经济视域下中俄贸易模式创新与实现路径研究,胡明,对外经济贸易大学,青年项目,国际问题研究
639,总体国家安全观视野下国际伊斯兰非政府组织对中国的影响及应对研究,何思雨,深圳大学,青年项目,国际问题研究
640,美式数字贸易规则在“一带一路”的扩展及中国应对研究,陈寰琦,广东外语外贸大学,青年项目,国际问题研究
641,双循环格局下中国企业境外上市对资本配置效率的影响研究,乔敏健,河北大学,青年项目,国际问题研究
642,身联网的国家安全风险及其治理研究,王高阳,郑州大学,青年项目,国际问题研究
643,美国国会立法干涉台湾问题的规律、风险与对策研究（1973-2021）,周文星,南京大学,青年项目,国际问题研究
644,“美国―湄公河伙伴关系”新态势对澜湄合作的影响及我国对策研究,邓涵,中共中央党校（国家行政学院）,青年项目,国际问题研究
645,菲律宾南海外交决策中的国会因素及中国的对策研究,王看,中山大学,青年项目,国际问题研究
646,21世纪以来俄罗斯边疆地区治理与发展战略研究,崔珩,华东师范大学,青年项目,国际问题研究
647,恰亚诺夫小农发展理论的解构与重塑研究,胡冰,中国社会科学院俄罗斯东欧中亚研究所,青年项目,国际问题研究
648,旅日学人对中国现代史学奠基和发展的贡献研究,周励恒,中共中央党校（国家行政学院）,青年项目,中国历史
649,明清“汉书学”研究,范宇j,太原理工大学,青年项目,中国历史
650,民国时期马克思主义史家群体的地域性聚集现象研究,谢辉元,中国社会科学院历史理论研究所,青年项目,中国历史
651,“现代史学”派与20世纪上半叶中国史学现代化演进研究,殷飞飞,上海财经大学,青年项目,中国历史
652,出土文献所见楚国信仰习俗研究,廉超,常州大学,青年项目,中国历史
653,清代《礼记》文献研究,侯婕,南京师范大学,青年项目,中国历史
654,金文所见西周军事防御体系研究,周博,南昌大学,青年项目,中国历史
655,商代牺牲与用牲制度研究,杨弃,鲁东大学,青年项目,中国历史
656,商周农业及其生产组织形式研究,王祁,中国社会科学院历史理论研究所,青年项目,中国历史
657,西周土地铭文考释与土地制度研究,杨坤,北京大学,青年项目,中国历史
658,简牍所见新秦地郡县化与新黔首统合研究,熊永,北京师范大学,青年项目,中国历史
659,“国野制”新研,谢能宗,中国人民大学,青年项目,中国历史
660,岳麓简所见秦令研究,王萍,山东师范大学,青年项目,中国历史
661,出土律令与秦代官吏管理制度研究,齐继伟,中国社会科学院,青年项目,中国历史
662,西北汉简所见汉与周边交往资料的搜集整理与研究,周艳涛,西南大学,青年项目,中国历史
663,秦汉生态环境变迁与民俗信仰关系研究,罗启龙,贵州大学,青年项目,中国历史
664,辽金中枢政务运作体制研究,田晓雷,中山大学,青年项目,中国历史
665,敦煌社邑文书与唐五代基层社会研究,赵大旺,南京师范大学,青年项目,中国历史
666,魏晋南北朝官员位阶体系研究,柴M,山西大学,青年项目,中国历史
667,官阶优免与唐代赋役体系运行研究,顾成瑞,西北大学,青年项目,中国历史
668,历史记忆与族群认同：蒙古开国史新诠,张晓慧,中国社会科学院,青年项目,中国历史
669,宋代官员兼职制度研究,范帅,郑州轻工业大学,青年项目,中国历史
670,黄土丘陵地带宋夏金墓葬研究,陈雪飞,宁夏大学,青年项目,中国历史
671,《吏部条法》与南宋官制研究,束保成,浙江大学,青年项目,中国历史
672,中国古代国家治理视野下的南宋四川类省试研究,游君彦,重庆工商大学,青年项目,中国历史
673,明代盐税改革与社会税负研究,夏强,海南师范大学,青年项目,中国历史
674,明代军户的科举及身份性变化研究,黄谋军,赣南师范大学,青年项目,中国历史
675,“中人”与清代地方社会研究,郭睿君,安徽大学,青年项目,中国历史
676,国家治理视野下的清代捐输制度研究,江晓成,福建师范大学,青年项目,中国历史
677,清帝北巡与国家治理研究,项旋,北京师范大学,青年项目,中国历史
678,清代造办处与皇室财政研究,王嘉乐,清华大学,青年项目,中国历史
679,清代黄河滩区治理与区域社会研究,张乐锋,信阳师范学院,青年项目,中国历史
680,保举制度与近代中国的铨选转型研究,林浩彬,南京师范大学,青年项目,中国历史
681,晚清英美在华领事裁判权体系中的华洋诉讼研究（1843―1912）,张晓宇,山东大学,青年项目,中国历史
682,英国在华情报网络的建构与对华外交决策研究（1843-1911）,郑彬彬,上海大学,青年项目,中国历史
683,美国商人与甲午后的晚清政局研究（1898-1912）,王慧颖,中国社会科学院历史理论研究所,青年项目,中国历史
684,近代中国与梵蒂冈通使问题研究,张乐,北京师范大学,青年项目,中国历史
685,冷战视域下美台“共同防御条约”的历史考察,郝天豪,江苏师范大学,青年项目,中国历史
686,国民党军事派系视角下的基层军官人事与士兵征募研究（1931-1937）,姜涛,中国社会科学院近代史研究所,青年项目,中国历史
687,抗战时期朱家骅与国民党人事制度研究,梁馨蕾,中国社会科学院近代史研究所,青年项目,中国历史
688,战时日本对中国大后方抗战力的调查研究,左春梅,西南大学,青年项目,中国历史
689,侵华战争时期日本在中国东北的战争动员体系研究,季泓旭,天津社会科学院,青年项目,中国历史
690,近代中国国库制度研究（1905―1949）,张超,厦门大学,青年项目,中国历史
691,近代中日合办企业研究（1895-1931）,许龙生,华中师范大学,青年项目,中国历史
692,改革开放初期中法工业技术合作研究,周磊,青岛大学,青年项目,中国历史
693,国民党统治时期的清史认知、书写与阅读文化研究（1928-1949）,周海建,中央民族大学,青年项目,中国历史
694,中国国民党意识形态建构视域下的民国时期儿童电影研究(1918-1949),陈莹,中共福建省委党校,青年项目,中国历史
695,比较视野下的近代徐家汇汉学研究（1842-1952）,莫为,上海海事大学,青年项目,中国历史
696,清末民初的“文明史学”研究,王鸿,上海社会科学院,青年项目,中国历史
697,英式社会主义在近代中国的传播（1919-1949）,赵旭铎,北京大学,青年项目,中国历史
698,晚清西方地质学在华引介、传播与影响研究（1853-1911）,杨丽娟,中国科学院自然科学史研究所,青年项目,中国历史
699,工业文明与江南乡村社会权力变迁研究（1900-1937）,李发根,安徽大学,青年项目,中国历史
700,近代中国中央卫生行政制度研究（1905-1949）,姬凌辉,浙江大学,青年项目,中国历史
701,抗战时期华北八路军士兵日常生活研究（1937―1945）,宋弘,山东大学,青年项目,中国历史
702,晚清以来山西乡村的经济结构与社会变迁研究,张爱明,太原师范学院,青年项目,中国历史
703,出土简帛所见秦汉边地疾病医疗与社会研究,张以静,西南大学,青年项目,中国历史
704,明清华北极端旱涝灾害的发生与治理研究,韩健夫,杭州电子科技大学,青年项目,中国历史
705,地理格局与西周王朝政治演进研究,邹家兴,四川大学,青年项目,中国历史
706,新中国水上政区建设研究,黎心竹,东南大学,青年项目,中国历史
707,近代汉口茶市研究（1861-1938）,何强,湖北大学,青年项目,中国历史
708,十六国北朝西北地区民族交往交流交融研究,朱艳桐,浙江理工大学,青年项目,中国历史
709,隋唐五代环南海区域民族关系与治理经验研究,廖靖靖,中央民族大学,青年项目,中国历史
710,清代巩昌府属安定县契约文书的收集、整理与研究,张磊,青海师范大学,青年项目,中国历史
711,国家资源调配视野下的清代新疆协饷运作与边疆治理研究,廖文辉,四川大学,青年项目,中国历史
712,清代多民族语文合璧书写与边疆治理研究,强光美,北京科技大学,青年项目,中国历史
713,晚清新疆治理模式与管控机制研究（1884-1912）,章成,暨南大学,青年项目,中国历史
714,近代日本涉南海文献资料的整理与研究,冯军南,中国社会科学院中国边疆研究所,青年项目,中国历史
715,伪满时期中国东北矿产资源流向考证研究,李雨桐,吉林省农业科学院,青年项目,中国历史
716,清代江西地方司法文献与基层社会治理研究,陈海斌,赣南师范大学,青年项目,中国历史
717,汉唐河西边地家族与地方权力结构研究,王晶,西北大学,青年项目,中国历史
718,汉唐交n史料整理与国家视域下交n社会演进研究,鲁浩,江西科技师范大学,青年项目,中国历史
719,1949年以来香港民众流动对身份认同影响研究,王惠,河北工业大学,青年项目,中国历史
720,晚清民国自贡盐政与盐场社会变迁研究,黄凯凯,南昌大学,青年项目,中国历史
721,民国时期学术与政治互动下川边治理研究,孙洁,贵州民族大学,青年项目,中国历史
722,出土秦汉法律简牍文本传抄与整合研究,于洪涛,吉林大学,青年项目,中国历史
723,汉唐毒药问题研究,吕壮,中国人民公安大学,青年项目,中国历史
724,宋元时期江南区域诉讼社会史研究,郑鹏,华中农业大学,青年项目,中国历史
725,蓝浦生使华时期资料整理、译介与研究,吴文浩,武汉大学,青年项目,中国历史
726,侵华日军军队体制研究（1937-1945）,张展,南开大学,青年项目,中国历史
727,江津档案所见近代乡村地权纠纷及基层治理研究,娄敏,上海工程技术大学,青年项目,中国历史
728,民国时期城市基层政权研究,杨巍巍,浙江省社会科学院,青年项目,中国历史
729,明清民国北京会馆剧场及演剧活动研究,高扬励,山西师范大学,青年项目,中国历史
730,清代淮南盐的交易形态及其演变研究,韩燕仪,中山大学,青年项目,中国历史
731,中美大豆发展历程比较研究,石慧,南京中医药大学,青年项目,中国历史
732,清代东北亚丝绸之路上的山丹贸易研究,陈诗兰,江苏省社会科学院,青年项目,中国历史
733,生态殖民主义视角下美国全球霸权追逐与东南亚环境变迁（1898-1975）研究,王林亚,福建师范大学,青年项目,世界历史
734,美国对华安全战略研究（1969-2001）,忻怿,陕西师范大学,青年项目,世界历史
735,1952年以来巴西天主教的政治参与和政治文化研究,高然,北京外国语大学,青年项目,世界历史
736,美国退伍军人组织与保守主义教育研究（1919-1972）,张大鹏,暨南大学,青年项目,世界历史
737,20世纪英国医生职业角色转换研究,白爽,南京师范大学,青年项目,世界历史
738,近代早期英国的食物危机与社会治理研究,冯雅琼,上海师范大学,青年项目,世界历史
739,冷战时期英国对“印太地区”秩序的规划与政策研究,彭永福,苏州科技大学,青年项目,世界历史
740,伦敦城市绿色空间体系构建及其启示研究（1833―1906）,严玉芳,长春师范大学,青年项目,世界历史
741,英帝国卫生防疫史研究（1832-1945）,刘旭,重庆邮电大学,青年项目,世界历史
742,近代早期法国捐官制度研究,杨磊,河南大学,青年项目,世界历史
743,民族意志视野下德国历史理论的变迁研究,尉佩云,山西大学,青年项目,世界历史
744,近代早期法国世俗化背景下民族身份认同的建构研究,江晟,浙江师范大学,青年项目,世界历史
745,全球化背景下的近现代摩洛哥乡村社会变迁研究,高文洋,郑州大学,青年项目,世界历史
746,近代法国对中国南海的认知与政策研究（1898-1947）,任雯婧,中国社会科学院近代史研究所,青年项目,世界历史
747,日本近代转型期乡村组织化机制研究（1889-1918）,高燎,重庆大学,青年项目,世界历史
748,南海周边国家间领土及海洋纷争史研究,邬志野,广西师范大学,青年项目,世界历史
749,以色列城市社会的变迁及其治理研究,刘洪洁,河南大学,青年项目,世界历史
750,朝鲜王朝“三十年危机”与东亚秩序转型研究（1598-1627）,黄修志,鲁东大学,青年项目,世界历史
751,英国与印度的国防建设关系研究（1947―1965）,刘恒,云南大学,青年项目,世界历史
752,明末以来果敢地区历史变迁研究,范玉金,云南省社会科学院,青年项目,世界历史
753,越南阮朝前期疫病流行与应对研究（1802-1885）,成思佳,郑州大学,青年项目,世界历史
754,韩国独立运动时期“联中抗日”思潮研究,郑立菲,中国社会科学院世界历史研究所,青年项目,世界历史
755,普通法与英格兰王国治理研究（1154-1377）,刘林,南京师范大学,青年项目,世界历史
756,欧洲中世纪博物学文献研究与译注,蒋澈,清华大学,青年项目,世界历史
757,查理曼改革文献考释与实践机制研究,刘寅,浙江大学,青年项目,世界历史
758,法国习惯法编纂与地方治理体系构建研究（1454―1539）,董子云,浙江大学,青年项目,世界历史
759,20世纪以来的“世界大城市理论”研究,倪凯,聊城大学,青年项目,世界历史
760,埃及军政关系研究（1798-2013）,段九州,清华大学,青年项目,世界历史
761,西方后叙事主义历史哲学研究,张涛,四川大学,青年项目,世界历史
762,联合国环境规划署与全球环境治理关系研究（1968-1992）,靳小勇,西安交通大学,青年项目,世界历史
763,近现代埃及民族主义史学研究,孔妍,郑州大学,青年项目,世界历史
764,俄罗斯汉学远东学派研究,刘丽秋,中原工学院,青年项目,世界历史
765,宇都宫太郎旧藏涉华资料的整理与研究,吉辰,中山大学,青年项目,世界历史
766,西北闪米特语国王铭文的译注与研究,梅华龙,北京大学,青年项目,世界历史
767,印度河上游地区巴哈塔尔遗址调查、发掘资料的整理与研究,施兰英,河北师范大学,青年项目,考古学
768,泥河湾盆地板井子遗址石器工业研究,任进成,吉林大学,青年项目,考古学
769,五莲丹土遗址考古发掘资料整理与研究,赵国靖,山东省文物考古研究院,青年项目,考古学
770,裕民文化遗址石器整理与史前先民生计行为研究,赵潮,陕西师范大学,青年项目,考古学
771,湖南澧县鸡叫城遗址考古调查、发掘资料的整理与研究,石涛,四川大学,青年项目,考古学
772,屈家岭文化的聚落与社会研究,单思伟,武汉大学,青年项目,考古学
773,陇东-陕北地区仰韶晚期至龙山时期的聚落演变与文明化进程研究,李小龙,西北工业大学,青年项目,考古学
774,云南高原史前经济与社会的文明化进程研究,罗伊,云南大学,青年项目,考古学
775,良渚古城姜家山遗址发掘资料的整理与研究,陈明辉,浙江省文物考古研究所,青年项目,考古学
776,河南淅川单岗遗址考古发掘资料整理与研究,张建,郑州大学,青年项目,考古学
777,甘肃东部周秦时期人群生业经济研究,杨谊时,甘肃省文物考古研究所,青年项目,考古学
778,山西绛县雎村西周墓地资料整理与研究,陈海波,山西省考古研究所,青年项目,考古学
779,隋唐瓷器外来文化因素与中外文化交流研究,郭璐莎,河南大学,青年项目,考古学
780,楚系墓葬出土漆木器的整理与丧葬观念研究,邓宽宇,四川大学,青年项目,考古学
781,伊犁河流域及帕米尔高原塞人考古遗存比较研究,梅子霖,西北大学,青年项目,考古学
782,唐朝墩古城遗址考古资料的整理与研究,任冠,中国人民大学,青年项目,考古学
783,内蒙古中部金元城址的考古资料整理与调查研究,周雪乔,北京师范大学,青年项目,考古学
784,东北地区辽金元城址综合研究,赵里萌,吉林大学,青年项目,考古学
785,明清时期浙江地区传统灰塑制作工艺研究,方世强,宁波财经学院,青年项目,考古学
786,山西宋元时期制瓷手工业的考古学研究,刘辉,山西大学,青年项目,考古学
787,陕西宋元壁画墓发掘报告,苗轶飞,陕西省考古研究院,青年项目,考古学
788,渭河流域新石器中期至秦汉时期农业活动与土壤质量演变研究,生膨菲,复旦大学,青年项目,考古学
789,龙山时期中原腹地人群分子考古学研究,武喜艳,河南大学,青年项目,考古学
790,山西绛县雎村西周墓地人骨的体质人类学研究,韩涛,河南大学,青年项目,考古学
791,考古成果的博物馆化解码与传播研究,黄洋,南京师范大学,青年项目,考古学
792,美术考古视角下的汉代怪兽图像研究,李重蓉,中国国家博物馆,青年项目,考古学
793,巴特宗教批判及其当代价值研究,郑佳露,湖南大学,青年项目,宗教学
794,中国化佛教寺院空间研究,刘懿凤,清华大学,青年项目,宗教学
795,当代美国宗教类“基金会智库复合体”的政治影响机制研究,银培c,复旦大学,青年项目,宗教学
796,国家安全视域下的港澳宗教风险及防范化解机制研究,李江峰,中山大学,青年项目,宗教学
797,涉疆宗教因素在中美关系中的影响研究,姜春禹,新疆维吾尔自治区社会科学院,青年项目,宗教学
798,萨迦班智达传记谱系研究,桑杰卡,青海民族大学,青年项目,宗教学
799,宋代曹洞宗复兴运动研究,孔雁,上海社会科学院,青年项目,宗教学
800,清代政治与汉传佛教制度及僧团管理研究,杨奇霖,上海大学,青年项目,宗教学
801,唐代佛教内道场制度研究,郑佳佳,浙江财经大学,青年项目,宗教学
802,中国化佛教宗法观念研究,王洁,清华大学,青年项目,宗教学
803,山东佛教碑刻收集、整理与研究,马丛丛,山东社会科学院,青年项目,宗教学
804,土观・洛桑却吉尼玛及其藏文文集综合研究,吕其俊,中国社会科学院世界宗教研究所,青年项目,宗教学
805,唐宋之际的佛教藏经与经录研究,张旭,中国社会科学院世界宗教研究所,青年项目,宗教学
806,潘能伯格神学与科学科际对话思想及其当代价值研究,马松红,兰州理工大学,青年项目,宗教学
807,新旧交汇视野下的二仙庵、青羊宫与近代成都社会关系研究,金恺文,四川大学,青年项目,宗教学
808,伊斯兰教在欧洲地区的发展及其社会影响研究,朱剑虹,中央统战部宗教研究中心,青年项目,宗教学
809,欧洲穆斯林协会研究,马明月,大理大学,青年项目,宗教学
810,《天方性理》三种外译本的翻译和比较研究,王伟,南开大学,青年项目,宗教学
811,犹太教哈巴德宣教运动研究,段Z甜,山东社会科学院,青年项目,宗教学
812,《中边分别论》梵汉对勘、注释及研究,包蕾,南京大学,青年项目,宗教学
813,民国时期汉语基督教圣经诠释学研究,赵盼,武汉大学,青年项目,宗教学
814,19世纪以来俄罗斯的中国佛教研究,何冰琦,湖南师范大学,青年项目,宗教学
815,罗马教廷对华政策研究（1622-1939）,张锐,华东师范大学,青年项目,宗教学
816,马克思主义文艺理论中国化资料编年与专题研究,王波,国防大学军事文化学院,青年项目,中国文学
817,明清之际文论“真”之观念研究,邵晓林,湖北大学,青年项目,中国文学
818,洛文塔尔文学社会学理论研究,贾永平,兰州城市学院,青年项目,中国文学
819,当代英美“后分析”文论研究,张巧,华南师范大学,青年项目,中国文学
820,西方文学虚构的概念史研究,周飞,河南大学,青年项目,中国文学
821,日本后现代左翼“间”理论研究,韩尚蓉,中国社会科学院社会科学文献出版社,青年项目,中国文学
822,日本现代诗学“实在论”及其当代意义研究,柏奕F,中国社会科学院文学研究所,青年项目,中国文学
823,留日学生与中国马克思主义文论早期建构模式研究,尹一帆,浙江理工大学,青年项目,中国文学
824,清末民初审美启蒙论研究,冯庆,中国人民大学,青年项目,中国文学
825,恩斯特・布洛赫美学的当代性问题研究,张晓萌,湖南师范大学,青年项目,中国文学
826,当代中国短视频文化的“乡村叙事”研究,柴冬冬,杭州师范大学,青年项目,中国文学
827,出土文献与《楚辞》名物研究,李凤立,浙江师范大学,青年项目,中国文学
828,中国早期图像及族源观念研究,王志翔,北京师范大学,青年项目,中国文学
829,汉赋文本的“知识考古”及赋学理论问题研究,刘成敏,中南财经政法大学,青年项目,中国文学
830,《春秋繁露》文本构成与“董仲舒学派”研究,黄若舜,南京大学,青年项目,中国文学
831,日藏《文选》古钞本整理与研究,高薇,中山大学,青年项目,中国文学
832,历代魏晋风度图像谱系研究,刘涛,江苏师范大学,青年项目,中国文学
833,北朝后期的高门重建与文学复兴研究,庄芸,中国人民大学,青年项目,中国文学
834,制度史视野下的唐代诗歌教育研究,韩达,中国政法大学,青年项目,中国文学
835,《五经正义》与唐代文士思想研究,刘雅萌,南京大学,青年项目,中国文学
836,唐宋“新子书”与古文运动研究,王芊,中山大学,青年项目,中国文学
837,宋元书目文献文学批评史料辑录与研究,黄静,贵州师范大学,青年项目,中国文学
838,明代中后期馆阁政治与文学研究,安家琪,黑龙江大学,青年项目,中国文学
839,明代复古派东传与朝鲜文坛复古思潮研究,韩东,南昌大学,青年项目,中国文学
840,《四库全书总目》明人说部提要考辨与明代小说史重写,吴文庆,内江师范学院,青年项目,中国文学
841,光宣诗论研究,孙银霞,烟台大学,青年项目,中国文学
842,乾嘉笔记与乾嘉文人生活研究,元伟,河北师范大学,青年项目,中国文学
843,乾嘉吴派经学与文学关系研究,王祥辰,扬州大学,青年项目,中国文学
844,清代外销艺术品中的戏曲史料辑录与研究,陈雅新,深圳大学,青年项目,中国文学
845,中国宗祠剧场文献资料搜集、整理与研究,邓弟蛟,山西师范大学,青年项目,中国文学
846,明清戏曲批评及经典意识研究,李碧,浙江理工大学,青年项目,中国文学
847,晚清民国《红楼梦》铅石印本研究,武迪,中国人民大学,青年项目,中国文学
848,湖湘诗群崛起与晚清经世、宗宋文学思潮形成研究,向双霞,长沙理工大学,青年项目,中国文学
849,桐城派古文选本评点整理与研究,周游,江南大学,青年项目,中国文学
850,古直年谱长编,郭鹏飞,湖南师范大学,青年项目,中国文学
851,汉译日文小说与中国近代文学建构研究（1894-1919）,刘璇,暨南大学,青年项目,中国文学
852,近代香港报刊文学整理与研究（1840-1919）,杨刘秀子,暨南大学,青年项目,中国文学
853,中国现代主义诗学的德国美学渊源研究（1900-1949）,张慧佳,湘潭大学,青年项目,中国文学
854,中国近现代文学中的疾病医疗话语流变研究,曹晓华,上海社会科学院,青年项目,中国文学
855,中国现代学术与现代文学的互动关系研究（1917―1937）,李浴洋,北京师范大学,青年项目,中国文学
856,“二史馆”藏创造社作家档案整理与研究（1938-1945）,曾祥金,西安交通大学,青年项目,中国文学
857,解放战争与“人民文艺”思潮研究,戎琦,广东外语外贸大学,青年项目,中国文学
858,抗战时期旧体诗词的现代化转型研究,邱婕,武汉工程大学,青年项目,中国文学
859,台湾左翼戏剧史料整理与研究,王昱敏,福建师范大学,青年项目,中国文学
860,听觉文化视野下的解放区文艺研究,刘欣h,上海师范大学,青年项目,中国文学
861,翻译文学批评与中国当代文学制度建构研究（1949-1966）,操乐鹏,浙江财经大学,青年项目,中国文学
862,香港文学中的“香港书写”与岭南文化认同研究（1985―2017）,徐诗颖,华南师范大学,青年项目,中国文学
863,香港左翼文艺运动研究（1945-1949）,谢力哲,湖南师范大学,青年项目,中国文学
864,20世纪中国新诗语象变迁研究（1917-2000）,张凯成,华中师范大学,青年项目,中国文学
865,社会主义文艺实践中的听觉经验研究,康凌,复旦大学,青年项目,中国文学
866,赵树理与革命文艺研究,林培源,暨南大学,青年项目,中国文学
867,中国当代作家自述史料整理与研究（1978-2020）,史婷婷,浙江财经大学,青年项目,中国文学
868,现代作家身份意识转换与“人民文艺”历史建构的关系研究（1949-1966）,章涛,宁波大学,青年项目,中国文学
869,1990年代诗人译诗与中国新诗的突围研究,方舟,武汉大学,青年项目,中国文学
870,中国科幻文学的审美价值和社会影响研究,姜振宇,四川大学,青年项目,中国文学
871,图像视域下的《山海经》民间传承与知识生产研究,程梦稷,北京大学,青年项目,中国文学
872,格萨尔史诗叙事传统关键词研究,央吉卓玛,中国社会科学院民族文学研究所,青年项目,中国文学
873,基于多民族神话大数据的中华民族共同体意识研究,王京,中国科学院,青年项目,中国文学
874,中国当代少数民族文学史编写中的中华民族共同体意识研究,苏珊,大连民族大学,青年项目,中国文学
875,《江格尔》语图互文研究,阿婧斯,内蒙古师范大学,青年项目,中国文学
876,战后意大利文艺美学思想研究,聂世昌,上海大学,青年项目,中国文学
877,文话与清代文学生态研究,诸雨辰,北京师范大学,青年项目,中国文学
878,昆曲文人清唱文献叙录与研究,邹青,江苏第二师范学院,青年项目,中国文学
879,新见戏曲碑刻史料的整理与研究,段飞翔,山西师范大学,青年项目,中国文学
880,粤港澳说唱文献叙录及其文献学研究,李继明,华南师范大学,青年项目,中国文学
881,瓦尔特・本雅明的思想图像写作研究,姜雪,中国社会科学院外国文学研究所,青年项目,外国文学
882,《东亚经典译丛》中国典籍翻译、传播及接受研究,刘松,湖南财政经济学院,青年项目,外国文学
883,国内《更路簿》及其研究成果的英译研究,黎姿,三亚学院,青年项目,外国文学
884,日本《文心雕龙》校注研究,冯斯我,广东外语外贸大学,青年项目,外国文学
885,幸田露伴的多重身份建构与中国文化表征研究,商倩,山东财经大学,青年项目,外国文学
886,日本震灾后文学研究（2011-2020）,时渝轩,西安交通大学,青年项目,外国文学
887,日本现代文学与绘画跨艺术诗学研究,李雅旬,浙江大学,青年项目,外国文学
888,印度进步主义文学思潮中的“中国动因”研究,贾岩,北京大学,青年项目,外国文学
889,皇家亚洲学会与丝绸之路研究,李伟华,北京外国语大学,青年项目,外国文学
890,社会运动背景下20世纪俄罗斯左翼戏剧生成研究,姜训禄,中国石油大学（华东）,青年项目,外国文学
891,E.L.多克托罗作品中的技术文化研究,汤瑶,上海工程技术大学,青年项目,外国文学
892,斯威夫特与古典传统研究,时霄,杭州师范大学,青年项目,外国文学
893,狄更斯小说中的城市治理研究,李佳,南京审计大学,青年项目,外国文学
894,约翰・高尔与中世纪晚期英国文学转型研究,伍小玲,浙江财经大学,青年项目,外国文学
895,当代美国犹太小说的商业文化表征研究,秦轩,山东师范大学,青年项目,外国文学
896,图尼埃叙事模式的阐释学研究,陈沁,南京师范大学,青年项目,外国文学
897,德国表现主义疾病书写研究,刘冬瑶,北京科技大学,青年项目,外国文学
898,魏玛共和国时期德语中国游记与民族国家想象研究,陈雨田,宁波大学,青年项目,外国文学
899,埃斯库罗斯悲剧与西方法律思想起源研究,龙卓婷,海南大学,青年项目,外国文学
900,古罗马修辞学对英国文艺复兴文学之影响研究,肖馨瑶,重庆大学,青年项目,外国文学
901,维多利亚小说中的疾病书写研究,牟童,对外经济贸易大学,青年项目,外国文学
902,中学西渐背景下俞第德的中国书写与文化误读研究,师亦超,上海交通大学,青年项目,外国文学
903,跨媒介视域下法国当代小说中的影像叙事与视觉修辞研究,陆一琛,苏州大学,青年项目,外国文学
904,存现范畴的类型学研究,杜丹,上海电力大学,青年项目,语言学
905,壮医药术语汉英词典编纂的研究与实践,岑思园,广西中医药大学,青年项目,语言学
906,句法-语用界面视域下英汉语轻动词构式演化路径对比研究,曹笃鑫,中国科学院大学,青年项目,语言学
907,朱子学二百年英语译介史研究,田莎,宁夏大学,青年项目,语言学
908,新中国成立以来外交核心术语英译的国际影响力研究,李晓倩,上海外国语大学,青年项目,语言学
909,基于传教士文献的河北方言语法演变研究,刘亚男,暨南大学,青年项目,语言学
910,宁夏汉语方言地图集,张秋红,北方民族大学,青年项目,语言学
911,人类卫生健康共同体构建中的医疗语言服务人才断链弥合研究,郭聪,中山大学,青年项目,语言学
912,情绪―认知整合视域下对华污名隐喻的语用分化与反制研究,段红,云南师范大学,青年项目,语言学
913,新时期中国企业海外危机话语研究,林予婷,深圳大学,青年项目,语言学
914,毒品成瘾人群的言语产出及感知特征研究,耿浦洋,司法鉴定科学研究院,青年项目,语言学
915,英美军事博物馆网站军队形象多模态话语构建研究,肖蓉,国防科技大学,青年项目,语言学
916,澳门语言政策的实践与居民身份认同关系研究,张媛媛,河南财经政法大学,青年项目,语言学
917,汉英儿童韵律焦点的发展轨迹比较及二语习得能力研究,闫梦珠,华中科技大学,青年项目,语言学
918,网络环境下的外语口语教学反馈机制研究,许琪,广东外语外贸大学,青年项目,语言学
919,基于机器学习的英语阅读诊断测试研究与实践,范婷婷,南京航空航天大学,青年项目,语言学
920,基于师生互动多模态数据库的教师话语研究,杨伊,上海师范大学,青年项目,语言学
921,积极心理视域下中国外语学习者多语写作投入的多维度动态研究,郑尧,重庆大学,青年项目,语言学
922,秦文字字用综合研究,蒋伟男,安徽大学,青年项目,语言学
923,清华大学藏战国竹简（1-10）“书”类文献词汇与形成时代研究,冯聪,清华大学,青年项目,语言学
924,《广弘明集》历代佛经音义比较研究及数据库建设,辛睿龙,山西大学,青年项目,语言学
925,日本“倭玉篇”系列字书研究及资料库建设,王安琪,湖南大学,青年项目,语言学
926,浙江契约文书语言研究,郭敬一,陕西师范大学,青年项目,语言学
927,汉语复杂句的历史演变研究,朱丽师,湖北大学,青年项目,语言学
928,汉语致使表达的共时分布与历时演变研究,丁丁,西安交通大学,青年项目,语言学
929,功能-类型学视野下的上古汉语补足小句及补足关系研究,赵绿原,中国社会科学院语言研究所,青年项目,语言学
930,句法-语义-语用接口下汉语准定语句的历时演变研究,张磊,中国社会科学院语言研究所,青年项目,语言学
931,形式类型学视域下程度量的语义锚定及句法实现研究,刘凡,安徽师范大学,青年项目,语言学
932,现代汉语反意外标记的语用功能及其演化机制研究,陈禹,华中科技大学,青年项目,语言学
933,汉语排他性表达多义性的统一分析与系统研究,刘莹,浙江大学,青年项目,语言学
934,以模态逻辑为参照的汉语情态和否定互动研究,林刘巍,华侨大学,青年项目,语言学
935,汉语抽象名词的叙实性与推理功能研究,寇鑫,山东大学,青年项目,语言学
936,基于韩日出土木简的汉字东亚传播衍变研究,朴仙灵,郑州大学,青年项目,语言学
937,面向二语学习者的外向型汉语词典用例考察与实证研究,王意颖,暨南大学,青年项目,语言学
938,语言接触视角下的蒙古语科尔沁土语韵律声学研究,那日苏,内蒙古民族大学,青年项目,语言学
939,汉、满、蒙、韩文《老乞大》比较研究,谢水兰,内蒙古师范大学,青年项目,语言学
940,面向信息处理的蒙古语复合句句法树库建设与研究,乌兰,内蒙古师范大学,青年项目,语言学
941,濒危瓦罕塔吉克语皮山方言调查与研究,侯典峰,南开大学,青年项目,语言学
942,基于藏语方言词汇数据库的藏语同源语素研究,孙凯,复旦大学,青年项目,语言学
943,基于清代译音文献的彝语历时音变研究,聂鹏,江西财经大学,青年项目,语言学
944,西藏所藏《阿波罗遮那成就法》梵文写本研究,达娃群宗,西藏自治区社会科学院,青年项目,语言学
945,类指表达与语体类型的关联机制研究,张磊,华中师范大学,青年项目,语言学
946,跨语言完成语义对比研究,张安琪,南京大学,青年项目,语言学
947,冯梦龙作品英译及其接受研究,谢文娟,南京师范大学,青年项目,语言学
948,基于《瀛涯胜览》英译本的海上丝路典籍英译及传播研究,迟帅,石河子大学,青年项目,语言学
949,汉语儿童事件结构的习得与认知研究,纪悦,北京理工大学,青年项目,语言学
950,英语作为二语的文本可读性测评与分级体系构建研究,张浩敏,华东师范大学,青年项目,语言学
951,俄罗斯早期语法文献的多维研究,尹旭,北京大学,青年项目,语言学
952,突发公共事件中媒体坚守新闻真实性的路径、机制与方法研究,虞鑫,清华大学,青年项目,新闻学与传播学
953,中国对外传播的跨文化转向及其路径研究,林莉,安徽大学,青年项目,新闻学与传播学
954,人类命运共同体视域下提升中国对东北亚地区文化传播力研究,蔡馥谣,大连外国语大学,青年项目,新闻学与传播学
955,台湾“亲美厌中”的c论传播挑战及应对策略研究,游淳惠,浙江工业大学,青年项目,新闻学与传播学
956,图像事件的生成机制及网络舆情治理策略研究,王雪晔,广东外语外贸大学,青年项目,新闻学与传播学
957,新媒体对疾病污名的影响机制与干预路径研究,任玉琛,深圳大学,青年项目,新闻学与传播学
958,智能推荐中算法感知对网络舆论的影响及治理机制研究,晏齐宏,北京交通大学,青年项目,新闻学与传播学
959,乡村振兴背景下的基层媒介动员机制及创新路径研究,徐敏,东华大学,青年项目,新闻学与传播学
960,数字反哺视域下我国农村家庭接触和使用智能媒体的代际互动机制研究,汤璇,中国传媒大学,青年项目,新闻学与传播学
961,智能媒体时代耦合演变中的舆论极化及其治理研究,王晗啸,南京师范大学,青年项目,新闻学与传播学
962,5G短视频传播生态下青年价值引领路径研究,骆静雨,浙江理工大学,青年项目,新闻学与传播学
963,红色文化对社会主义核心价值观影响力研究,伊丽媛,中国传媒大学,青年项目,新闻学与传播学
964,社会支持视角下新媒体使用对老年人主观幸福感的影响研究,李思悦,浙江大学,青年项目,新闻学与传播学
965,智能技术对平台劳动的影响与对策研究,孙萍,中国社会科学院新闻与传播研究所,青年项目,新闻学与传播学
966,基于计算方法的社交媒体广告社会效果与综合治理研究,宣长春,厦门大学,青年项目,新闻学与传播学
967,科技期刊产业链的完善度评价及其整合研究,曾元祥,四川大学,青年项目,新闻学与传播学
968,湘赣边区红色文化空间的数字化建构与传播研究,王春晓,长沙理工大学,青年项目,新闻学与传播学
969,基于融合大数据的突发公共卫生事件失实信息扩散机制及治理研究,陈安繁,中国科学技术大学,青年项目,新闻学与传播学
970,社交媒体时代重大疫情公众网络舆情卷入特征、机制及引导策略研究,刘嘉琪,中国社会科学院新闻与传播研究所,青年项目,新闻学与传播学
971,我国农村地区移动短视频的生产、呈现与社会影响研究,刘瑞一,光明日报社,青年项目,新闻学与传播学
972,媒介记忆视角下香港通识教科书的国家认同研究,方惠,暨南大学,青年项目,新闻学与传播学
973,数字时代青年红色记忆实践中的国家认同培育路径研究,王润,浙江传媒学院,青年项目,新闻学与传播学
974,“物质性”视野下传播理论的发展路径与新进展研究,戴宇辰,华东师范大学,青年项目,新闻学与传播学
975,西方涉疆舆论的议题设置、扩散机制与应对策略研究,万婧,广东外语外贸大学,青年项目,新闻学与传播学
976,俄罗斯媒体中的中国形象变迁研究(1991-2021),宋钰,常州大学,青年项目,新闻学与传播学
977,反沉迷诉求下儿童媒介使用社会干预联动机制研究,张晴,郑州大学,青年项目,新闻学与传播学
978,智媒时代农村老年人媒介素养培育与积极老龄化推动研究,谢兴政,复旦大学,青年项目,新闻学与传播学
979,社交机器人对国际传播中虚假意见气候的影响研究,张梦晗,苏州大学,青年项目,新闻学与传播学
980,音乐传播政治化视域下台湾青年的身份认同研究,孙t妮,华侨大学,青年项目,新闻学与传播学
981,马来西亚华裔的粤语媒介使用与文化认同研究,彭雨晴,广州大学,青年项目,新闻学与传播学
982,日本公藏中国古旧地图整理、编目与研究,陈熙,复旦大学,青年项目,图书馆・情报与文献学
983,故宫博物院藏藏文古籍整理研究,李若愚,故宫博物院,青年项目,图书馆・情报与文献学
984,天一阁藏明代方志所见宋代地方文献辑考,何适,扬州大学,青年项目,图书馆・情报与文献学
985,域外藏中国散佚古医籍综合研究,于业礼,上海中医药大学,青年项目,图书馆・情报与文献学
986,布达拉宫藏永乐版《甘珠尔》刊刻源流研究,刚索南草,西藏自治区布达拉宫管理处,青年项目,图书馆・情报与文献学
987,国内外东巴舞谱古籍藏本搜集、整理与翻译研究,习建勋,云南民族大学,青年项目,图书馆・情报与文献学
988,教科书阅读与集体记忆建构研究,张学科,复旦大学,青年项目,图书馆・情报与文献学
989,协同共治视域下公共图书馆社会数字素养教育效能及其创新路径研究,李秋实,华中师范大学,青年项目,图书馆・情报与文献学
990,智慧图书馆建设评价模型与应用研究,段美珍,军事科学院军事科学信息研究中心,青年项目,图书馆・情报与文献学
991,听觉文化复兴视角下公共数字文化资源的听觉化开发与触达研究,王铮,西北大学,青年项目,图书馆・情报与文献学
992,需求侧数据驱动的图书馆空间服务评价与体验优化研究,曹芬芳,安徽大学,青年项目,图书馆・情报与文献学
993,中国知识产权信息公共服务体系优化对策研究,隆瑾,湘潭大学,青年项目,图书馆・情报与文献学
994,科技图书馆面向区域创新发展的服务机制研究,王博,中国科学院武汉文献情报中心,青年项目,图书馆・情报与文献学
995,面向风险治理的突发事件事理图谱构建研究,王晓,华中师范大学,青年项目,图书馆・情报与文献学
996,认知图式视角下网络评论的影响力形成机制与评估研究,祝琳琳,吉林大学,青年项目,图书馆・情报与文献学
997,突发公共卫生事件网络信息资源的知识图谱构建研究,胡佳慧,北京协和医学院,青年项目,图书馆・情报与文献学
998,面向代表作评价的科研论文学术价值测度研究,董克,武汉大学,青年项目,图书馆・情报与文献学
999,数据驱动下科研项目团队异质性对创新绩效的影响研究,田人合,西北大学,青年项目,图书馆・情报与文献学
1000,开放科学数据的经济价值及其测度研究,涂志芳,中国科学院文献情报中心,青年项目,图书馆・情报与文献学
1001,情报视角下大国竞争中的信息迷雾成因与识别研究,王冰琪,北京市科学技术情报研究所,青年项目,图书馆・情报与文献学
1002,多链交互的新时期产业技术情报服务方法体系研究,黄怡淳,广东省科技图书馆（广东省科技信息与发展战略研究所）,青年项目,图书馆・情报与文献学
1003,基于文本挖掘的学术论文创新性识别研究,魏绪秋,山东理工大学,青年项目,图书馆・情报与文献学
1004,生态系统理论视角下跨学科科研合作运行机理与保障策略研究,曾粤亮,华中师范大学,青年项目,图书馆・情报与文献学
1005,社会化标注系统知识协同演化机制研究,石燕青,南京农业大学,青年项目,图书馆・情报与文献学
1006,追踪研究前沿创新要素的领域知识元方法研究,孙震,山东理工大学,青年项目,图书馆・情报与文献学
1007,新时代国家数据主权战略及治理体系研究,郑琳,扬州大学,青年项目,图书馆・情报与文献学
1008,数字人文视域下云南陆军讲武堂档案文献数据化整理与研究,马立伟,安徽大学,青年项目,图书馆・情报与文献学
1009,文化大数据背景下古村落多源异构档案的知识融合研究,祁天娇,中国人民大学,青年项目,图书馆・情报与文献学
1010,新《档案法》背景下档案开放体系构建研究,张臻,北京电子科技学院,青年项目,图书馆・情报与文献学
1011,基于人工智能的分层多粒度档案开放鉴定研究,杨建梁,中国人民大学,青年项目,图书馆・情报与文献学
1012,民国时期广东图书馆学人群体研究,陈润好,广东省立中山图书馆,青年项目,图书馆・情报与文献学
1013,中央苏区红色书籍的编辑出版及其当代价值研究,彭嗣禹,南昌大学,青年项目,图书馆・情报与文献学
1014,中国图书馆员职业化百年进程与发展规律研究,胡康林,四川大学,青年项目,图书馆・情报与文献学
1015,我国老年人数字贫困的形成机理及消减对策研究,张克永,常州大学,青年项目,图书馆・情报与文献学
1016,健康中国战略下医养健康信息跨链协同模式研究,胡漠,南京师范大学,青年项目,图书馆・情报与文献学
1017,学术网络视域下学术成果影响力扩散路径研究,魏明坤,河北大学,青年项目,图书馆・情报与文献学
1018,基于分布式语义分析的学术创新演化模式研究,陈柏彤,上海大学,青年项目,图书馆・情报与文献学
1019,基于多源数据的新兴技术识别方法与演化路径研究,高楠,中国科学技术信息研究所,青年项目,图书馆・情报与文献学
1020,基于多源知识网络的颠覆性技术分类识别方法研究,邢晓昭,中国科学技术信息研究所,青年项目,图书馆・情报与文献学
1021,全文本引文分析视角下的交叉学科融合和演化机制研究,姜霖,南通大学,青年项目,图书馆・情报与文献学
1022,文化遗产图像资源关联数据集成与叙事化呈现研究,侯西龙,武汉大学,青年项目,图书馆・情报与文献学
1023,电子文件归档的中国特色研究,苏焕宁,中山大学,青年项目,图书馆・情报与文献学
1024,湘鄂川黔苏区长征沿线红色体育文化资源传承与活化利用研究,元丁,湖南科技大学,青年项目,体育学
1025,新冠疫情背景下大型体育赛事风险管理的国际实践与中国方案研究,张传昌,福建师范大学,青年项目,体育学
1026,全民健身场地设施存量建设用地再开发的模式选择与制度设计研究,刘如,湖南城市学院,青年项目,体育学
1027,新时代我国区域体育产业高质量一体化发展研究,廉涛,宁波大学,青年项目,体育学
1028,体育发展驱动下的闲置工业空间资源再利用研究,冯晓露,清华大学,青年项目,体育学
1029,智慧社区背景下全民健身公共服务供需错配与矫正治理研究,史小强,上海体育学院,青年项目,体育学
1030,“双循环”新格局下体旅融合的形成机制、测度评价与路径创新研究,陈希,北京体育大学,青年项目,体育学
1031,“旅游兴疆”背景下体育非物质文化遗产与旅游融合开发研究,李梦园,新疆财经大学,青年项目,体育学
1032,5G时代体育热点事件中网络危机传播与主流舆论引导研究,徐磊,盐城师范学院,青年项目,体育学
1033,高质量党建引领体育社会组织治理现代化研究,陈丛刊,西南财经大学,青年项目,体育学
1034,地方志传统体育文献集成与研究暨数字化地图绘制,袁安发,吉首大学,青年项目,体育学
1035,我国幼儿体质健康促进的智慧化反馈系统开发研究,孙盛燕,湖州师范学院,青年项目,体育学
1036,运动戒断药物依赖理论向实践转化的催化体系构建研究,王碧野,扬州大学,青年项目,体育学
1037,乡村振兴战略下西部农村校园足球特色学校发展困境及治理路径研究,杨涛,北方民族大学,青年项目,体育学
1038,新时代我国民俗体育治理效率及提升机制研究,彭春兰,南华大学,青年项目,体育学
1039,湘黔桂少数民族地区舞龙史料搜集、整理与研究,鲁林波,黔南民族师范学院,青年项目,体育学
1040,全球体育治理的组织间冲突与中国应对研究,任慧涛,泉州师范学院,青年项目,体育学
1041,大型体育场馆免低开放政策优化研究,李震,湖北科技学院,青年项目,体育学
1042,数据要素市场的形成条件及培育政策研究,段忠贤,贵州大学,青年项目,管理学
1043,产业数字化背景下平台生态系统的战略更新机制研究,娄淑珍,浙江理工大学,青年项目,管理学
1044,在华外资制造企业回流态势及其对供应链稳定性的影响研究,万粒,重庆邮电大学,青年项目,管理学
1045,基于专利文本和复杂网络的关键共性技术识别框架、研发模式及扩散路径研究,张桂阳,南京理工大学,青年项目,管理学
1046,关键核心技术攻关中“揭榜挂帅”的激励机理与制度设计研究,朱浩,重庆邮电大学,青年项目,管理学
1047,数据赋能对国有企业创新质量的驱动效应及提升路径研究,郑威,贵州财经大学,青年项目,管理学
1048,组织双元理论下大型企业风投式裂变创业的微观机理与实现路径研究,薛超凯,山东理工大学,青年项目,管理学
1049,兵团生态资产核算及综合补偿机制研究,高志玉,石河子大学,青年项目,管理学
1050,减税降费治理企业脱实向虚的作用机制与路径优化研究,谭雪,湖南师范大学,青年项目,管理学
1051,智能制造背景下我国工业机器人使用对企业财务行为的影响及应对策略研究,贺超,苏州大学,青年项目,管理学
1052,增值税多维减税治理企业脱实向虚的效果与作用机理研究,黄贤环,山西财经大学,青年项目,管理学
1053,公司债券违约解决机制选择与投资者利益保护关系研究,王欣,北京工商大学,青年项目,管理学
1054,数字技术驱动企业内部控制效能提升的内在机理与实现路径研究,曹健,哈尔滨工业大学,青年项目,管理学
1055,反垄断背景下互联网平台生态共益治理模式研究,宋立丰,北京物资学院,青年项目,管理学
1056,“链主”视角下上市公司股权再融资对地方产业链的外溢效应研究,李元祯,浙江工商大学,青年项目,管理学
1057,党组织治理与国有企业并购决策的路径、效果与长效机制研究,邱金龙,山东大学,青年项目,管理学
1058,软件定义视角下工业互联网信息安全的态势感知及其弹性优化研究,董坤祥,山东财经大学,青年项目,管理学
1059,基于“需求侧管理”的农产品区域母子品牌体系建设研究,黄怡丹,华侨大学,青年项目,管理学
1060,社交媒体背景下准社会关系创建及新兴品牌成长机制研究,袁微,湖北经济学院,青年项目,管理学
1061,乡村振兴背景下农村电商直播促进农产品上行的机制和对策研究,朱良杰,浙江工商大学,青年项目,管理学
1062,基于动态赋能的平台生态共生演化及知识治理研究,韩莹,福建师范大学,青年项目,管理学
1063,新员工资质过剩正向引导与创造性绩效提升研究,武晓宇,北京工商大学,青年项目,管理学
1064,企业双元创新的影响因素、演化过程和策略选择研究,戴一鸣,中国人事科学研究院,青年项目,管理学
1065,高铁网络与都市圈旅游高质量发展的机制、路径及政策研究,李明伟,信阳师范学院,青年项目,管理学
1066,国家公园游客环境责任行为的制度驱动及调适管理研究,王佳,南昌大学,青年项目,管理学
1067,数字化背景下农业－食品产业链融资机制及风险治理研究,丁昭,四川农业大学,青年项目,管理学
1068,基于产业链的农业面源污染政企农协同治理策略研究,邓磊,北京物资学院,青年项目,管理学
1069,基于多元制度逻辑的家庭农场绿色生产行为演化机理与管理优化研究,刘强,浙江农林大学,青年项目,管理学
1070,乡村振兴背景下家庭农场可持续创业机制与路径研究,曹慧,西南大学,青年项目,管理学
1071,全产业链下新型农业经营主体带动小农户生产绿色转型研究,黄炜虹,中南林业科技大学,青年项目,管理学
1072,“三权分置”下农户宅基地流转行为、福利影响与权益保护研究,李荣耀,农业农村部管理干部学院,青年项目,管理学
1073,后疫情时期基于区块链的粮食供应链供需匹配机制研究,王琳,河南工业大学,青年项目,管理学
1074,“碳达峰”目标驱动的制造业低碳技术创新生态系统建构、演化与政策协同研究,李楠博,长春理工大学,青年项目,管理学
1075,环境信用评价对企业环保投资的影响机理及后果研究,崔广慧,南京财经大学,青年项目,管理学
1076,社会信用与绿色金融协同推进绿色经济发展的影响机制研究,孟怡B,上海对外经贸大学,青年项目,管理学
1077,目标治理视域下我国绿色金融政策评估与创新路径研究,陈超凡,北京师范大学,青年项目,管理学
1078,行为经济视角下新业态灵活从业者社会保险供需匹配机制研究,严妮,湖北经济学院,青年项目,管理学
1079,中国工资集体协商的特色机制及效果评估研究,寿菊萍,杭州师范大学,青年项目,管理学
1080,规划治理中地方政府行为差异的内在机理及调适路径研究,王猛,西南大学,青年项目,管理学
1081,青海生态脆弱区耕地占补平衡绩效评价及模式优化研究,任君,青海大学,青年项目,管理学
1082,基于公有地权结构的建设用地使用权续期制度研究,欧阳亦梵,浙江工商大学,青年项目,管理学
1083,“双循环”新格局下基于“鲁班工坊”推进中国引领全球职业教育治理体系建设研究,王岚,天津市教育科学研究院,青年项目,管理学
1084,重大疫情联防联控响应的双重耦合路径与机制优化研究,严晶晶,上海交通大学,青年项目,管理学
1085,大数据驱动下重大突发公共卫生事件应急资源协同配置的模式创新与政策设计研究,王妍妍,清华大学,青年项目,管理学
1086,重大疫情公众风险感知的动态监测与干预机制研究,谢起慧,中国矿业大学（北京）,青年项目,管理学
1087,分级诊疗制度背景下我国基层卫生服务激励机制研究,方帅,上海社会科学院,青年项目,管理学
1088,智慧医疗可及性的框架构建、指标测度与影响因素研究,杨园争,中国社会科学院农村发展研究所,青年项目,管理学
1089,社会网络视角下区域基本医疗卫生服务协调发展策略研究,刘凤,天津财经大学,青年项目,管理学
1090,东北老工业基地融入跨区域创新网络的多层次路径与政策设计研究,李新,东北林业大学,青年项目,管理学
1091,“10+5”跨域供应链多维邻避风险韧性治理与政策协同机制研究,白阳,山东理工大学,青年项目,管理学
1092,国家自主创新示范区创新价值链锁定与突破路径研究,解佳龙,中南民族大学,青年项目,管理学
1093,西部地区陆海新通道对产业链延伸重构的影响路径及对策研究,李东坤,西南交通大学,青年项目,管理学
1094,科学家网络测度及其对企业创新的溢出效应研究,程晨,郑州大学,青年项目,管理学
1095,财务报告文本信息对股市波动的影响机制及风险防控研究,李珊,厦门大学,青年项目,管理学
1096,主动行为视域下的工业企业安全生产管理模式优化策略研究,李静媛,黑龙江大学,青年项目,管理学
1097,过程视角下组织韧性的多维测度和培育机制研究,李溪,济南大学,青年项目,管理学
1098,城市用地结构视角下土地与人口增长互动机制及优化路径研究,许刚,武汉大学,青年项目,管理学
1099,空间结构、网络联系对城市群土地利用效率的影响及提升策略研究,严思齐,南京农业大学,青年项目,管理学
1100,慈善的第三次分配效应与机制优化研究,黄晓瑞,华侨大学,青年项目,管理学
1101,大数据支持下城市居民日常出行的生态足迹测度、影响机理与抑制对策研究,吴德存,江苏师范大学,青年项目,管理学
1102,社会组织参与推进市域社会治理现代化的内在机理、效应评估与实现路径研究,张玉婷,浙江工业大学,青年项目,管理学
1103,长江经济带生态公共服务共建共享的府际协同机制及实现路径研究,杜春林,河海大学,青年项目,管理学
1104,基于重大安全事故的危机学习反馈控制系统构建及应用研究,陆姗姗,合肥工业大学,青年项目,管理学
1105,新发展理念下黄河流域水资源-能源-粮食协同发展模式与风险防范机制研究,贺正齐,河海大学,青年项目,管理学
,,,,,
